Year;Food
0;0.0
0;0.0
0;0.0
0;0.0
1;0.0
1;0.0
1;0.0
2;0.0
2;0.0
2;0.0
3;0.0
3;0.0
3;0.0
4;0.0
4;0.0
4;0.0
5;0.0
5;0.0
5;0.0
6;0.0
6;0.0
6;0.0
7;0.0
7;0.0
7;0.0
8;0.0
8;0.0
8;0.0
9;0.0
9;0.0
9;0.0
10;0.0
10;0.0
10;0.0
11;0.0
11;0.0
11;0.0
12;0.0
12;0.0
12;0.0
13;0.0
13;0.0
13;0.0
14;0.0
14;0.0
14;0.0
15;0.0
15;0.0
15;0.0
16;0.0
16;0.0
16;0.0
17;0.0
17;0.0
17;0.0
18;0.0
18;0.0
18;0.0
19;0.0
19;0.0
19;0.0
20;0.0
20;0.0
20;0.0
21;0.0
21;0.0
21;0.0
22;0.0
22;0.0
22;0.0
23;0.0
23;0.0
23;0.0
24;0.0
24;0.0
24;0.0
25;0.0
25;0.0
25;0.0
26;0.0
26;0.0
26;0.0
27;0.0
27;0.0
27;0.0
28;0.0
28;0.0
28;0.0
29;0.0
29;0.0
29;0.0
30;0.0
30;0.0
30;0.0
31;0.0
31;0.0
31;0.0
32;0.0
32;0.0
32;0.0
33;0.0
33;0.0
33;0.0
34;0.0
34;0.0
34;0.0
35;0.0
35;0.0
35;0.0
36;0.0
36;0.0
36;0.0
37;0.0
37;0.0
37;0.0
38;0.0
38;0.0
38;0.0
39;0.0
39;0.0
39;0.0
40;0.0
40;0.0
40;0.0
41;0.0
41;0.0
41;0.0
42;0.0
42;0.0
42;0.0
43;0.0
43;0.0
43;0.0
44;0.0
44;0.0
44;0.0
45;0.0
45;0.0
45;0.0
46;0.0
46;0.0
46;0.0
47;0.0
47;0.0
47;1.0
48;1.0
48;1.0
48;1.0
49;1.0
49;1.0
49;1.0
50;1.0
50;1.0
50;1.0
51;1.0
51;1.0
51;1.0
52;1.0
52;1.0
52;1.0
53;1.0
53;1.0
53;1.0
54;1.0
54;2.0
54;2.0
55;2.0
55;2.0
55;2.0
56;2.0
56;2.0
56;2.0
57;2.0
57;2.0
57;2.0
58;4.0
58;4.0
58;4.0
59;5.0
59;5.0
59;5.0
60;5.0
60;5.0
60;6.0
61;7.0
61;7.0
61;7.0
62;7.0
62;7.0
62;7.0
63;7.0
63;7.0
63;7.0
64;7.0
64;7.0
64;7.0
65;7.0
65;7.0
65;7.0
66;7.0
66;8.0
66;8.0
67;8.0
67;8.0
67;8.0
68;8.0
68;8.0
68;8.0
69;8.0
69;8.0
69;9.0
70;9.0
70;9.0
70;9.0
71;9.0
71;9.0
71;9.0
72;9.0
72;9.0
72;9.0
73;9.0
73;9.0
73;9.0
74;9.0
74;9.0
74;9.0
75;9.0
75;9.0
75;9.0
76;9.0
76;9.0
76;9.0
77;10.0
77;10.0
77;10.0
78;10.0
78;10.0
78;10.0
79;10.0
79;10.0
79;10.0
80;11.0
80;11.0
80;11.0
81;11.0
81;11.0
81;12.0
82;12.0
82;13.0
82;14.0
83;14.0
83;14.0
83;14.0
84;14.0
84;15.0
84;15.0
85;15.0
85;15.0
85;16.0
86;16.0
86;16.0
86;16.0
87;16.0
87;17.0
87;18.0
88;18.0
88;18.0
88;18.0
89;18.0
89;18.0
89;18.0
90;18.0
90;19.0
90;19.0
91;19.0
91;19.0
91;19.0
92;19.0
92;19.0
92;19.0
93;19.0
93;19.0
93;19.0
94;19.0
94;19.0
94;19.0
95;19.0
95;19.0
95;19.0
96;19.0
96;19.0
96;19.0
97;19.0
97;19.0
97;20.0
98;20.0
98;20.0
98;20.0
99;20.0
99;20.0
99;20.0
100;21.0
100;21.0
100;21.0
101;21.0
101;21.0
101;21.0
102;21.0
102;21.0
102;21.0
103;21.0
103;21.0
103;21.0
104;21.0
104;21.0
104;21.0
105;22.0
105;22.0
105;22.0
106;23.0
106;24.0
106;24.0
107;24.0
107;24.0
107;24.0
108;24.0
108;25.0
108;25.0
109;25.0
109;25.0
109;25.0
110;25.0
110;25.0
110;25.0
111;25.0
111;25.0
111;25.0
112;25.0
112;25.0
112;25.0
113;25.0
113;25.0
113;25.0
114;26.0
114;26.0
114;27.0
115;28.0
115;29.0
115;29.0
116;29.0
116;29.0
116;30.0
117;30.0
117;30.0
117;30.0
118;30.0
118;30.0
118;30.0
119;30.0
119;30.0
119;30.0
120;30.0
120;30.0
120;30.0
121;30.0
121;30.0
121;30.0
122;31.0
122;31.0
122;31.0
123;31.0
123;31.0
123;31.0
124;31.0
124;31.0
124;31.0
125;31.0
125;31.0
125;31.0
126;31.0
126;31.0
126;31.0
127;31.0
127;31.0
127;32.0
128;32.0
128;32.0
128;32.0
129;32.0
129;32.0
129;32.0
130;32.0
130;32.0
130;32.0
131;32.0
131;32.0
131;32.0
132;32.0
132;33.0
132;33.0
133;33.0
133;33.0
133;33.0
134;33.0
134;33.0
134;33.0
135;33.0
135;33.0
135;33.0
136;34.0
136;34.0
136;34.0
137;34.0
137;34.0
137;34.0
138;34.0
138;34.0
138;34.0
139;34.0
139;34.0
139;34.0
140;34.0
140;34.0
140;35.0
141;35.0
141;35.0
141;35.0
142;35.0
142;35.0
142;35.0
143;35.0
143;35.0
143;35.0
144;36.0
144;36.0
144;37.0
145;37.0
145;37.0
145;38.0
146;38.0
146;38.0
146;38.0
147;38.0
147;38.0
147;38.0
148;38.0
148;38.0
148;38.0
149;41.0
149;41.0
149;41.0
150;41.0
150;41.0
150;41.0
151;41.0
151;41.0
151;41.0
152;41.0
152;41.0
152;42.0
153;42.0
153;42.0
153;42.0
154;42.0
154;42.0
154;42.0
155;42.0
155;42.0
155;42.0
156;42.0
156;42.0
156;42.0
157;43.0
157;43.0
157;43.0
158;43.0
158;43.0
158;43.0
159;43.0
159;43.0
159;43.0
160;43.0
160;43.0
160;43.0
161;43.0
161;43.0
161;43.0
162;45.0
162;45.0
162;45.0
163;45.0
163;45.0
163;45.0
164;45.0
164;45.0
164;45.0
165;45.0
165;46.0
165;46.0
166;46.0
166;46.0
166;46.0
167;46.0
167;47.0
167;47.0
168;47.0
168;47.0
168;47.0
169;47.0
169;47.0
169;47.0
170;47.0
170;47.0
170;47.0
171;48.0
171;48.0
171;49.0
172;49.0
172;50.0
172;51.0
173;51.0
173;51.0
173;51.0
174;51.0
174;51.0
174;51.0
175;51.0
175;51.0
175;51.0
176;51.0
176;51.0
176;51.0
177;51.0
177;51.0
177;51.0
178;52.0
178;52.0
178;52.0
179;52.0
179;52.0
179;52.0
180;52.0
180;53.0
180;53.0
181;53.0
181;53.0
181;53.0
182;53.0
182;53.0
182;53.0
183;53.0
183;53.0
183;53.0
184;53.0
184;53.0
184;53.0
185;53.0
185;53.0
185;53.0
186;53.0
186;54.0
186;55.0
187;55.0
187;55.0
187;55.0
188;56.0
188;56.0
188;56.0
189;56.0
189;56.0
189;56.0
190;56.0
190;56.0
190;56.0
191;56.0
191;57.0
191;57.0
192;57.0
192;57.0
192;58.0
193;58.0
193;58.0
193;59.0
194;59.0
194;59.0
194;60.0
195;60.0
195;60.0
195;60.0
196;60.0
196;60.0
196;60.0
197;60.0
197;60.0
197;61.0
198;61.0
198;61.0
198;61.0
199;63.0
199;63.0
199;63.0
200;63.0
200;63.0
200;64.0
201;64.0
201;64.0
201;64.0
202;64.0
202;64.0
202;64.0
203;64.0
203;64.0
203;64.0
204;64.0
204;64.0
204;64.0
205;64.0
205;64.0
205;64.0
206;64.0
206;64.0
206;64.0
207;64.0
207;64.0
207;64.0
208;64.0
208;64.0
208;64.0
209;64.0
209;64.0
209;64.0
210;64.0
210;64.0
210;64.0
211;64.0
211;65.0
211;65.0
212;65.0
212;65.0
212;65.0
213;65.0
213;65.0
213;65.0
214;65.0
214;65.0
214;65.0
215;65.0
215;65.0
215;65.0
216;65.0
216;65.0
216;65.0
217;65.0
217;65.0
217;65.0
218;65.0
218;65.0
218;65.0
219;65.0
219;65.0
219;65.0
220;65.0
220;65.0
220;65.0
221;65.0
221;65.0
221;65.0
222;65.0
222;65.0
222;65.0
223;65.0
223;65.0
223;65.0
224;65.0
224;65.0
224;65.0
225;65.0
225;65.0
225;65.0
226;65.0
226;65.0
226;65.0
227;65.0
227;65.0
227;65.0
228;65.0
228;65.0
228;65.0
229;65.0
229;65.0
229;65.0
230;65.0
230;65.0
230;65.0
231;65.0
231;65.0
231;65.0
232;65.0
232;65.0
232;65.0
233;65.0
233;65.0
233;65.0
234;65.0
234;66.0
234;66.0
235;66.0
235;66.0
235;66.0
236;66.0
236;66.0
236;66.0
237;66.0
237;66.0
237;66.0
238;66.0
238;66.0
238;66.0
239;66.0
239;68.0
239;68.0
240;68.0
240;68.0
240;69.0
241;69.0
241;69.0
241;69.0
242;69.0
242;69.0
242;69.0
243;69.0
243;69.0
243;69.0
244;69.0
244;69.0
244;69.0
245;70.0
245;70.0
245;70.0
246;70.0
246;70.0
246;71.0
247;71.0
247;71.0
247;72.0
248;73.0
248;73.0
248;73.0
249;73.0
249;73.0
249;73.0
250;73.0
250;73.0
250;73.0
251;73.0
251;73.0
251;73.0
252;74.0
252;74.0
252;74.0
253;74.0
253;74.0
253;75.0
254;75.0
254;76.0
254;76.0
255;76.0
255;76.0
255;76.0
256;76.0
256;76.0
256;76.0
257;76.0
257;76.0
257;76.0
258;76.0
258;76.0
258;76.0
259;76.0
259;76.0
259;76.0
260;76.0
260;76.0
260;76.0
261;76.0
261;76.0
261;76.0
262;76.0
262;76.0
262;76.0
263;76.0
263;76.0
263;76.0
264;76.0
264;76.0
264;76.0
265;76.0
265;76.0
265;76.0
266;76.0
266;76.0
266;77.0
267;77.0
267;77.0
267;77.0
268;77.0
268;77.0
268;77.0
269;78.0
269;78.0
269;78.0
270;78.0
270;78.0
270;79.0
271;80.0
271;80.0
271;80.0
272;80.0
272;81.0
272;81.0
273;81.0
273;81.0
273;81.0
274;81.0
274;81.0
274;81.0
275;81.0
275;82.0
275;82.0
276;82.0
276;82.0
276;82.0
277;82.0
277;82.0
277;82.0
278;82.0
278;82.0
278;82.0
279;82.0
279;82.0
279;82.0
280;82.0
280;82.0
280;82.0
281;82.0
281;82.0
281;82.0
282;82.0
282;82.0
282;82.0
283;82.0
283;82.0
283;82.0
284;82.0
284;82.0
284;83.0
285;83.0
285;83.0
285;83.0
286;83.0
286;83.0
286;83.0
287;83.0
287;83.0
287;83.0
288;83.0
288;83.0
288;83.0
289;83.0
289;83.0
289;83.0
290;83.0
290;83.0
290;83.0
291;83.0
291;83.0
291;84.0
292;84.0
292;86.0
292;86.0
293;86.0
293;86.0
293;86.0
294;86.0
294;86.0
294;86.0
295;86.0
295;87.0
295;87.0
296;87.0
296;87.0
296;87.0
297;87.0
297;87.0
297;87.0
298;87.0
298;87.0
298;87.0
299;87.0
299;87.0
299;87.0
300;87.0
300;87.0
300;87.0
301;88.0
301;88.0
301;88.0
302;89.0
302;89.0
302;89.0
303;89.0
303;90.0
303;90.0
304;90.0
304;90.0
304;90.0
305;90.0
305;90.0
305;90.0
306;90.0
306;90.0
306;90.0
307;90.0
307;90.0
307;90.0
308;91.0
308;91.0
308;91.0
309;91.0
309;91.0
309;92.0
310;92.0
310;92.0
310;92.0
311;92.0
311;92.0
311;92.0
312;93.0
312;93.0
312;93.0
313;93.0
313;93.0
313;93.0
314;93.0
314;93.0
314;93.0
315;93.0
315;93.0
315;93.0
316;93.0
316;93.0
316;93.0
317;93.0
317;94.0
317;94.0
318;94.0
318;94.0
318;94.0
319;94.0
319;94.0
319;94.0
320;94.0
320;94.0
320;94.0
321;94.0
321;94.0
321;94.0
322;94.0
322;94.0
322;94.0
323;94.0
323;94.0
323;94.0
324;94.0
324;94.0
324;94.0
325;94.0
325;94.0
325;94.0
326;94.0
326;94.0
326;94.0
327;94.0
327;95.0
327;95.0
328;95.0
328;95.0
328;95.0
329;95.0
329;95.0
329;95.0
330;95.0
330;95.0
330;95.0
331;95.0
331;95.0
331;95.0
332;95.0
332;95.0
332;95.0
333;95.0
333;95.0
333;95.0
334;95.0
334;95.0
334;95.0
335;95.0
335;95.0
335;95.0
336;95.0
336;95.0
336;95.0
337;95.0
337;95.0
337;95.0
338;95.0
338;95.0
338;95.0
339;95.0
339;95.0
339;95.0
340;95.0
340;95.0
340;95.0
341;95.0
341;95.0
341;95.0
342;95.0
342;95.0
342;95.0
343;95.0
343;95.0
343;95.0
344;95.0
344;95.0
344;95.0
345;95.0
345;95.0
345;96.0
346;96.0
346;96.0
346;96.0
347;96.0
347;96.0
347;96.0
348;96.0
348;96.0
348;96.0
349;96.0
349;96.0
349;96.0
350;96.0
350;96.0
350;96.0
351;96.0
351;96.0
351;96.0
352;96.0
352;96.0
352;96.0
353;96.0
353;96.0
353;96.0
354;96.0
354;96.0
354;97.0
355;97.0
355;97.0
355;97.0
356;97.0
356;97.0
356;97.0
357;97.0
357;97.0
357;97.0
358;97.0
358;97.0
358;97.0
359;97.0
359;97.0
359;97.0
360;97.0
360;97.0
360;97.0
361;97.0
361;97.0
361;97.0
362;98.0
362;98.0
362;98.0
363;98.0
363;98.0
363;98.0
364;98.0
364;98.0
364;98.0
365;98.0
365;98.0
365;98.0
366;98.0
366;98.0
366;98.0
367;98.0
367;98.0
367;98.0
368;98.0
368;98.0
368;99.0
369;99.0
369;99.0
369;100.0
370;100.0
370;100.0
370;100.0
371;100.0
371;100.0
371;100.0
372;100.0
372;100.0
372;100.0
373;100.0
373;100.0
373;100.0
374;100.0
374;100.0
374;100.0
375;100.0
375;100.0
375;100.0
376;100.0
376;100.0
376;100.0
377;100.0
377;100.0
377;100.0
378;100.0
378;100.0
378;100.0
379;100.0
379;100.0
379;100.0
380;100.0
380;100.0
380;102.0
381;102.0
381;102.0
381;102.0
382;102.0
382;102.0
382;102.0
383;102.0
383;102.0
383;102.0
384;102.0
384;102.0
384;102.0
385;102.0
385;102.0
385;102.0
386;103.0
386;103.0
386;103.0
387;103.0
387;103.0
387;103.0
388;103.0
388;103.0
388;103.0
389;103.0
389;103.0
389;103.0
390;103.0
390;103.0
390;103.0
391;103.0
391;103.0
391;103.0
392;103.0
392;103.0
392;103.0
393;103.0
393;103.0
393;103.0
394;103.0
394;103.0
394;103.0
395;103.0
395;103.0
395;103.0
396;103.0
396;103.0
396;103.0
397;103.0
397;103.0
397;103.0
398;103.0
398;103.0
398;103.0
399;103.0
399;103.0
399;104.0
400;104.0
400;105.0
400;105.0
401;105.0
401;105.0
401;105.0
402;105.0
402;105.0
402;105.0
403;105.0
403;105.0
403;105.0
404;105.0
404;105.0
404;105.0
405;105.0
405;105.0
405;105.0
406;105.0
406;105.0
406;105.0
407;105.0
407;105.0
407;105.0
408;105.0
408;105.0
408;105.0
409;105.0
409;105.0
409;106.0
410;106.0
410;106.0
410;106.0
411;106.0
411;106.0
411;106.0
412;106.0
412;107.0
412;107.0
413;107.0
413;107.0
413;107.0
414;107.0
414;108.0
414;108.0
415;108.0
415;108.0
415;109.0
416;110.0
416;110.0
416;111.0
417;111.0
417;111.0
417;111.0
418;111.0
418;111.0
418;111.0
419;111.0
419;111.0
419;111.0
420;111.0
420;111.0
420;111.0
421;111.0
421;111.0
421;111.0
422;111.0
422;111.0
422;111.0
423;111.0
423;111.0
423;111.0
424;111.0
424;111.0
424;111.0
425;112.0
425;112.0
425;112.0
426;112.0
426;112.0
426;112.0
427;113.0
427;113.0
427;113.0
428;113.0
428;113.0
428;113.0
429;113.0
429;113.0
429;113.0
430;113.0
430;113.0
430;113.0
431;113.0
431;113.0
431;113.0
432;113.0
432;113.0
432;113.0
433;113.0
433;114.0
433;114.0
434;114.0
434;114.0
434;114.0
435;114.0
435;114.0
435;114.0
436;114.0
436;114.0
436;114.0
437;114.0
437;114.0
437;114.0
438;114.0
438;114.0
438;114.0
439;114.0
439;114.0
439;114.0
440;114.0
440;114.0
440;114.0
441;114.0
441;114.0
441;114.0
442;114.0
442;114.0
442;114.0
443;114.0
443;114.0
443;114.0
444;115.0
444;115.0
444;115.0
445;115.0
445;115.0
445;115.0
446;115.0
446;115.0
446;115.0
447;115.0
447;115.0
447;116.0
448;116.0
448;116.0
448;116.0
449;116.0
449;116.0
449;116.0
450;116.0
450;116.0
450;116.0
451;116.0
451;116.0
451;116.0
452;116.0
452;116.0
452;116.0
453;116.0
453;117.0
453;117.0
454;117.0
454;117.0
454;118.0
455;118.0
455;118.0
455;118.0
456;118.0
456;118.0
456;118.0
457;118.0
457;118.0
457;118.0
458;118.0
458;118.0
458;118.0
459;118.0
459;118.0
459;119.0
460;119.0
460;119.0
460;119.0
461;119.0
461;120.0
461;120.0
462;120.0
462;120.0
462;120.0
463;120.0
463;120.0
463;120.0
464;120.0
464;120.0
464;120.0
465;120.0
465;121.0
465;121.0
466;122.0
466;123.0
466;123.0
467;123.0
467;123.0
467;123.0
468;123.0
468;123.0
468;123.0
469;123.0
469;124.0
469;124.0
470;124.0
470;124.0
470;124.0
471;124.0
471;124.0
471;124.0
472;124.0
472;124.0
472;124.0
473;124.0
473;124.0
473;125.0
474;125.0
474;125.0
474;125.0
475;125.0
475;125.0
475;125.0
476;125.0
476;125.0
476;125.0
477;125.0
477;125.0
477;125.0
478;125.0
478;125.0
478;125.0
479;125.0
479;125.0
479;126.0
480;126.0
480;126.0
480;126.0
481;127.0
481;127.0
481;127.0
482;127.0
482;127.0
482;127.0
483;127.0
483;127.0
483;127.0
484;127.0
484;127.0
484;127.0
485;127.0
485;127.0
485;127.0
486;127.0
486;127.0
486;127.0
487;127.0
487;127.0
487;127.0
488;128.0
488;128.0
488;129.0
489;129.0
489;129.0
489;130.0
490;130.0
490;130.0
490;130.0
491;130.0
491;130.0
491;130.0
492;130.0
492;130.0
492;130.0
493;130.0
493;130.0
493;130.0
494;131.0
494;131.0
494;131.0
495;131.0
495;131.0
495;131.0
496;131.0
496;131.0
496;131.0
497;132.0
497;132.0
497;133.0
498;133.0
498;133.0
498;133.0
499;133.0
499;134.0
499;135.0
500;135.0
500;135.0
500;135.0
501;135.0
501;136.0
501;136.0
502;136.0
502;136.0
502;136.0
503;136.0
503;136.0
503;136.0
504;136.0
504;136.0
504;136.0
505;138.0
505;138.0
505;139.0
506;139.0
506;140.0
506;140.0
507;140.0
507;140.0
507;141.0
508;141.0
508;142.0
508;142.0
509;142.0
509;142.0
509;142.0
510;142.0
510;142.0
510;143.0
511;143.0
511;143.0
511;143.0
512;143.0
512;143.0
512;143.0
513;144.0
513;144.0
513;144.0
514;144.0
514;144.0
514;144.0
515;144.0
515;144.0
515;144.0
516;144.0
516;144.0
516;144.0
517;144.0
517;144.0
517;144.0
518;144.0
518;145.0
518;145.0
519;145.0
519;145.0
519;145.0
520;145.0
520;145.0
520;146.0
521;146.0
521;146.0
521;146.0
522;146.0
522;146.0
522;146.0
523;146.0
523;146.0
523;147.0
524;147.0
524;147.0
524;147.0
525;147.0
525;147.0
525;147.0
526;147.0
526;147.0
526;147.0
527;147.0
527;147.0
527;147.0
528;147.0
528;147.0
528;147.0
529;147.0
529;147.0
529;147.0
530;147.0
530;147.0
530;147.0
531;147.0
531;147.0
531;147.0
532;147.0
532;147.0
532;147.0
533;147.0
533;147.0
533;147.0
534;147.0
534;147.0
534;148.0
535;149.0
535;149.0
535;149.0
536;149.0
536;149.0
536;150.0
537;150.0
537;150.0
537;150.0
538;151.0
538;151.0
538;151.0
539;151.0
539;151.0
539;151.0
540;151.0
540;151.0
540;151.0
541;151.0
541;151.0
541;151.0
542;151.0
542;151.0
542;151.0
543;151.0
543;151.0
543;151.0
544;151.0
544;151.0
544;151.0
545;151.0
545;152.0
545;152.0
546;152.0
546;152.0
546;153.0
547;153.0
547;153.0
547;153.0
548;153.0
548;153.0
548;153.0
549;153.0
549;153.0
549;153.0
550;153.0
550;153.0
550;153.0
551;153.0
551;153.0
551;153.0
552;154.0
552;154.0
552;154.0
553;155.0
553;155.0
553;155.0
554;155.0
554;156.0
554;157.0
555;157.0
555;157.0
555;157.0
556;158.0
556;159.0
556;160.0
557;160.0
557;160.0
557;160.0
558;160.0
558;160.0
558;160.0
559;160.0
559;160.0
559;161.0
560;161.0
560;161.0
560;161.0
561;162.0
561;162.0
561;162.0
562;163.0
562;163.0
562;164.0
563;165.0
563;165.0
563;165.0
564;166.0
564;167.0
564;167.0
565;168.0
565;168.0
565;169.0
566;170.0
566;170.0
566;171.0
567;172.0
567;172.0
567;172.0
568;172.0
568;172.0
568;172.0
569;172.0
569;172.0
569;172.0
570;172.0
570;172.0
570;172.0
571;172.0
571;172.0
571;172.0
572;172.0
572;172.0
572;172.0
573;172.0
573;172.0
573;172.0
574;173.0
574;173.0
574;173.0
575;173.0
575;173.0
575;173.0
576;175.0
576;175.0
576;176.0
577;177.0
577;177.0
577;178.0
578;178.0
578;179.0
578;179.0
579;179.0
579;179.0
579;179.0
580;179.0
580;179.0
580;179.0
581;179.0
581;179.0
581;179.0
582;179.0
582;179.0
582;179.0
583;179.0
583;179.0
583;179.0
584;179.0
584;179.0
584;179.0
585;179.0
585;179.0
585;179.0
586;179.0
586;179.0
586;179.0
587;179.0
587;179.0
587;179.0
588;179.0
588;179.0
588;179.0
589;179.0
589;179.0
589;179.0
590;179.0
590;179.0
590;179.0
591;179.0
591;179.0
591;179.0
592;179.0
592;179.0
592;179.0
593;179.0
593;179.0
593;179.0
594;179.0
594;179.0
594;179.0
595;179.0
595;179.0
595;179.0
596;179.0
596;179.0
596;179.0
597;179.0
597;179.0
597;179.0
598;179.0
598;179.0
598;179.0
599;179.0
599;180.0
599;180.0
600;180.0
600;180.0
600;180.0
601;180.0
601;180.0
601;180.0
602;180.0
602;180.0
602;180.0
603;180.0
603;180.0
603;180.0
604;180.0
604;180.0
604;180.0
605;180.0
605;180.0
605;180.0
606;180.0
606;180.0
606;180.0
607;180.0
607;180.0
607;180.0
608;180.0
608;180.0
608;180.0
609;180.0
609;180.0
609;180.0
610;180.0
610;180.0
610;180.0
611;180.0
611;180.0
611;180.0
612;180.0
612;180.0
612;180.0
613;180.0
613;180.0
613;180.0
614;180.0
614;180.0
614;180.0
615;180.0
615;180.0
615;180.0
616;180.0
616;180.0
616;180.0
617;180.0
617;180.0
617;180.0
618;180.0
618;180.0
618;180.0
619;180.0
619;180.0
619;180.0
620;180.0
620;180.0
620;180.0
621;180.0
621;180.0
621;180.0
622;180.0
622;180.0
622;180.0
623;180.0
623;180.0
623;180.0
624;180.0
624;180.0
624;180.0
625;180.0
625;181.0
625;181.0
626;181.0
626;181.0
626;181.0
627;182.0
627;182.0
627;182.0
628;182.0
628;182.0
628;182.0
629;182.0
629;182.0
629;182.0
630;182.0
630;182.0
630;183.0
631;183.0
631;183.0
631;183.0
632;183.0
632;183.0
632;184.0
633;184.0
633;184.0
633;184.0
634;184.0
634;185.0
634;185.0
635;185.0
635;185.0
635;185.0
636;185.0
636;185.0
636;185.0
637;185.0
637;185.0
637;185.0
638;185.0
638;185.0
638;185.0
639;185.0
639;185.0
639;185.0
640;185.0
640;185.0
640;185.0
641;185.0
641;185.0
641;185.0
642;185.0
642;185.0
642;185.0
643;185.0
643;185.0
643;185.0
644;185.0
644;185.0
644;185.0
645;185.0
645;185.0
645;185.0
646;185.0
646;185.0
646;185.0
647;185.0
647;185.0
647;185.0
648;185.0
648;185.0
648;185.0
649;185.0
649;185.0
649;185.0
650;185.0
650;185.0
650;185.0
651;185.0
651;185.0
651;185.0
652;185.0
652;185.0
652;186.0
653;186.0
653;186.0
653;186.0
654;186.0
654;186.0
654;186.0
655;186.0
655;186.0
655;186.0
656;186.0
656;186.0
656;186.0
657;186.0
657;186.0
657;186.0
658;186.0
658;186.0
658;186.0
659;186.0
659;186.0
659;186.0
660;186.0
660;186.0
660;186.0
661;186.0
661;186.0
661;186.0
662;186.0
662;186.0
662;186.0
663;186.0
663;186.0
663;186.0
664;186.0
664;186.0
664;186.0
665;186.0
665;186.0
665;186.0
666;186.0
666;186.0
666;186.0
667;186.0
667;186.0
667;186.0
668;186.0
668;186.0
668;186.0
669;186.0
669;186.0
669;186.0
670;186.0
670;186.0
670;186.0
671;187.0
671;187.0
671;187.0
672;187.0
672;187.0
672;187.0
673;187.0
673;187.0
673;187.0
674;187.0
674;187.0
674;187.0
675;188.0
675;189.0
675;189.0
676;189.0
676;189.0
676;189.0
677;190.0
677;190.0
677;190.0
678;190.0
678;190.0
678;190.0
679;190.0
679;190.0
679;191.0
680;191.0
680;191.0
680;191.0
681;191.0
681;191.0
681;191.0
682;191.0
682;191.0
682;191.0
683;191.0
683;191.0
683;191.0
684;191.0
684;191.0
684;192.0
685;192.0
685;192.0
685;192.0
686;192.0
686;192.0
686;192.0
687;192.0
687;192.0
687;192.0
688;192.0
688;192.0
688;192.0
689;192.0
689;192.0
689;192.0
690;192.0
690;192.0
690;192.0
691;192.0
691;192.0
691;192.0
692;192.0
692;192.0
692;192.0
693;192.0
693;192.0
693;192.0
694;192.0
694;192.0
694;192.0
695;192.0
695;192.0
695;192.0
696;192.0
696;192.0
696;192.0
697;192.0
697;192.0
697;192.0
698;192.0
698;192.0
698;192.0
699;192.0
699;192.0
699;193.0
700;193.0
700;193.0
700;194.0
701;195.0
701;195.0
701;195.0
702;195.0
702;195.0
702;195.0
703;195.0
703;195.0
703;195.0
704;195.0
704;195.0
704;195.0
705;195.0
705;195.0
705;195.0
706;195.0
706;195.0
706;195.0
707;196.0
707;196.0
707;196.0
708;196.0
708;196.0
708;196.0
709;196.0
709;196.0
709;196.0
710;196.0
710;196.0
710;196.0
711;196.0
711;196.0
711;196.0
712;196.0
712;196.0
712;196.0
713;196.0
713;196.0
713;196.0
714;196.0
714;196.0
714;196.0
715;196.0
715;196.0
715;196.0
716;196.0
716;196.0
716;196.0
717;196.0
717;196.0
717;196.0
718;196.0
718;196.0
718;196.0
719;196.0
719;196.0
719;196.0
720;196.0
720;196.0
720;196.0
721;196.0
721;196.0
721;196.0
722;196.0
722;196.0
722;196.0
723;196.0
723;196.0
723;196.0
724;196.0
724;196.0
724;196.0
725;196.0
725;196.0
725;196.0
726;196.0
726;196.0
726;196.0
727;196.0
727;196.0
727;196.0
728;196.0
728;196.0
728;196.0
729;196.0
729;197.0
729;197.0
730;197.0
730;197.0
730;197.0
731;197.0
731;197.0
731;198.0
732;198.0
732;198.0
732;199.0
733;199.0
733;199.0
733;199.0
734;199.0
734;199.0
734;199.0
735;199.0
735;199.0
735;199.0
736;199.0
736;199.0
736;199.0
737;199.0
737;199.0
737;200.0
738;200.0
738;200.0
738;200.0
739;200.0
739;200.0
739;200.0
740;200.0
740;200.0
740;200.0
741;200.0
741;200.0
741;200.0
742;200.0
742;200.0
742;200.0
743;200.0
743;200.0
743;200.0
744;200.0
744;200.0
744;200.0
745;200.0
745;200.0
745;200.0
746;200.0
746;200.0
746;200.0
747;200.0
747;200.0
747;200.0
748;200.0
748;200.0
748;200.0
749;200.0
749;200.0
749;200.0
750;200.0
750;200.0
750;200.0
751;200.0
751;200.0
751;200.0
752;200.0
752;200.0
752;200.0
753;200.0
753;200.0
753;200.0
754;200.0
754;200.0
754;200.0
755;200.0
755;200.0
755;200.0
756;200.0
756;200.0
756;200.0
757;200.0
757;200.0
757;200.0
758;200.0
758;200.0
758;200.0
759;200.0
759;200.0
759;200.0
760;200.0
760;200.0
760;200.0
761;200.0
761;200.0
761;200.0
762;200.0
762;200.0
762;200.0
763;200.0
763;200.0
763;200.0
764;200.0
764;200.0
764;200.0
765;200.0
765;200.0
765;200.0
766;200.0
766;201.0
766;201.0
767;201.0
767;201.0
767;201.0
768;201.0
768;202.0
768;203.0
769;203.0
769;203.0
769;203.0
770;203.0
770;203.0
770;203.0
771;203.0
771;204.0
771;204.0
772;204.0
772;204.0
772;204.0
773;204.0
773;204.0
773;205.0
774;205.0
774;205.0
774;205.0
775;205.0
775;205.0
775;205.0
776;205.0
776;205.0
776;205.0
777;205.0
777;205.0
777;205.0
778;205.0
778;205.0
778;205.0
779;205.0
779;205.0
779;205.0
780;205.0
780;205.0
780;205.0
781;205.0
781;205.0
781;205.0
782;205.0
782;205.0
782;205.0
783;205.0
783;205.0
783;205.0
784;205.0
784;206.0
784;206.0
785;206.0
785;206.0
785;206.0
786;206.0
786;206.0
786;206.0
787;207.0
787;207.0
787;207.0
788;207.0
788;207.0
788;207.0
789;207.0
789;207.0
789;207.0
790;207.0
790;207.0
790;208.0
791;208.0
791;208.0
791;208.0
792;208.0
792;208.0
792;208.0
793;208.0
793;208.0
793;208.0
794;208.0
794;208.0
794;208.0
795;209.0
795;209.0
795;209.0
796;209.0
796;209.0
796;209.0
797;209.0
797;209.0
797;209.0
798;209.0
798;209.0
798;209.0
799;209.0
799;209.0
799;209.0
800;209.0
800;209.0
800;209.0
801;209.0
801;209.0
801;209.0
802;209.0
802;209.0
802;209.0
803;209.0
803;209.0
803;209.0
804;209.0
804;209.0
804;209.0
805;209.0
805;210.0
805;210.0
806;211.0
806;211.0
806;212.0
807;212.0
807;212.0
807;212.0
808;212.0
808;212.0
808;212.0
809;212.0
809;212.0
809;212.0
810;212.0
810;212.0
810;212.0
811;212.0
811;212.0
811;212.0
812;212.0
812;212.0
812;212.0
813;213.0
813;213.0
813;213.0
814;214.0
814;214.0
814;214.0
815;214.0
815;214.0
815;214.0
816;214.0
816;214.0
816;214.0
817;214.0
817;214.0
817;214.0
818;214.0
818;215.0
818;215.0
819;215.0
819;215.0
819;215.0
820;215.0
820;215.0
820;216.0
821;216.0
821;216.0
821;216.0
822;217.0
822;217.0
822;217.0
823;217.0
823;217.0
823;217.0
824;218.0
824;218.0
824;218.0
825;218.0
825;218.0
825;218.0
826;218.0
826;218.0
826;219.0
827;220.0
827;220.0
827;220.0
828;220.0
828;220.0
828;220.0
829;220.0
829;220.0
829;220.0
830;220.0
830;220.0
830;220.0
831;220.0
831;220.0
831;220.0
832;220.0
832;221.0
832;221.0
833;222.0
833;222.0
833;222.0
834;222.0
834;222.0
834;222.0
835;222.0
835;222.0
835;222.0
836;222.0
836;222.0
836;222.0
837;222.0
837;222.0
837;222.0
838;222.0
838;222.0
838;222.0
839;222.0
839;222.0
839;222.0
840;222.0
840;222.0
840;223.0
841;224.0
841;224.0
841;225.0
842;226.0
842;227.0
842;227.0
843;227.0
843;227.0
843;227.0
844;227.0
844;227.0
844;227.0
845;227.0
845;227.0
845;227.0
846;227.0
846;228.0
846;228.0
847;228.0
847;228.0
847;228.0
848;228.0
848;228.0
848;228.0
849;228.0
849;229.0
849;229.0
850;230.0
850;230.0
850;230.0
851;230.0
851;230.0
851;230.0
852;230.0
852;230.0
852;230.0
853;230.0
853;230.0
853;230.0
854;230.0
854;230.0
854;230.0
855;230.0
855;230.0
855;230.0
856;230.0
856;230.0
856;230.0
857;230.0
857;230.0
857;230.0
858;231.0
858;232.0
858;232.0
859;232.0
859;232.0
859;232.0
860;232.0
860;233.0
860;233.0
861;233.0
861;233.0
861;233.0
862;233.0
862;233.0
862;233.0
863;233.0
863;233.0
863;233.0
864;233.0
864;233.0
864;233.0
865;233.0
865;233.0
865;233.0
866;233.0
866;233.0
866;233.0
867;233.0
867;233.0
867;233.0
868;233.0
868;233.0
868;233.0
869;233.0
869;233.0
869;233.0
870;233.0
870;233.0
870;233.0
871;233.0
871;233.0
871;233.0
872;234.0
872;234.0
872;234.0
873;234.0
873;234.0
873;234.0
874;234.0
874;234.0
874;234.0
875;234.0
875;234.0
875;234.0
876;234.0
876;234.0
876;234.0
877;234.0
877;234.0
877;234.0
878;234.0
878;234.0
878;235.0
879;236.0
879;236.0
879;236.0
880;236.0
880;236.0
880;237.0
881;237.0
881;237.0
881;238.0
882;238.0
882;238.0
882;238.0
883;238.0
883;238.0
883;238.0
884;238.0
884;238.0
884;238.0
885;238.0
885;238.0
885;238.0
886;238.0
886;238.0
886;238.0
887;238.0
887;238.0
887;238.0
888;238.0
888;238.0
888;238.0
889;238.0
889;238.0
889;238.0
890;238.0
890;239.0
890;239.0
891;239.0
891;239.0
891;239.0
892;239.0
892;239.0
892;240.0
893;241.0
893;241.0
893;241.0
894;241.0
894;241.0
894;241.0
895;241.0
895;241.0
895;241.0
896;241.0
896;241.0
896;242.0
897;242.0
897;242.0
897;242.0
898;242.0
898;242.0
898;242.0
899;242.0
899;243.0
899;243.0
900;243.0
900;243.0
900;243.0
901;243.0
901;243.0
901;243.0
902;243.0
902;243.0
902;243.0
903;243.0
903;243.0
903;243.0
904;243.0
904;243.0
904;244.0
905;244.0
905;244.0
905;244.0
906;245.0
906;245.0
906;245.0
907;245.0
907;245.0
907;245.0
908;245.0
908;245.0
908;245.0
909;245.0
909;245.0
909;245.0
910;246.0
910;246.0
910;246.0
911;246.0
911;246.0
911;246.0
912;247.0
912;247.0
912;247.0
913;248.0
913;248.0
913;248.0
914;248.0
914;248.0
914;248.0
915;248.0
915;248.0
915;248.0
916;248.0
916;248.0
916;248.0
917;248.0
917;248.0
917;249.0
918;249.0
918;249.0
918;249.0
919;249.0
919;250.0
919;250.0
920;250.0
920;250.0
920;250.0
921;251.0
921;251.0
921;251.0
922;251.0
922;251.0
922;251.0
923;251.0
923;251.0
923;251.0
924;251.0
924;251.0
924;251.0
925;251.0
925;251.0
925;251.0
926;251.0
926;251.0
926;251.0
927;251.0
927;251.0
927;251.0
928;252.0
928;253.0
928;253.0
929;253.0
929;253.0
929;254.0
930;254.0
930;254.0
930;255.0
931;256.0
931;256.0
931;256.0
932;256.0
932;256.0
932;256.0
933;257.0
933;257.0
933;257.0
934;257.0
934;257.0
934;257.0
935;257.0
935;257.0
935;257.0
936;257.0
936;257.0
936;258.0
937;258.0
937;259.0
937;259.0
938;259.0
938;259.0
938;259.0
939;259.0
939;259.0
939;259.0
940;259.0
940;259.0
940;259.0
941;259.0
941;260.0
941;260.0
942;260.0
942;260.0
942;260.0
943;260.0
943;260.0
943;260.0
944;260.0
944;260.0
944;261.0
945;261.0
945;261.0
945;261.0
946;261.0
946;261.0
946;261.0
947;261.0
947;261.0
947;261.0
948;261.0
948;261.0
948;261.0
949;261.0
949;261.0
949;261.0
950;261.0
950;261.0
950;262.0
951;262.0
951;262.0
951;262.0
952;262.0
952;262.0
952;262.0
953;262.0
953;262.0
953;263.0
954;264.0
954;264.0
954;264.0
955;264.0
955;264.0
955;264.0
956;264.0
956;264.0
956;264.0
957;264.0
957;264.0
957;264.0
958;264.0
958;264.0
958;264.0
959;264.0
959;264.0
959;264.0
960;264.0
960;264.0
960;264.0
961;264.0
961;264.0
961;264.0
962;264.0
962;264.0
962;264.0
963;264.0
963;264.0
963;264.0
964;264.0
964;264.0
964;264.0
965;264.0
965;264.0
965;264.0
966;264.0
966;264.0
966;264.0
967;264.0
967;264.0
967;264.0
968;264.0
968;264.0
968;264.0
969;264.0
969;264.0
969;264.0
970;264.0
970;264.0
970;264.0
971;264.0
971;264.0
971;264.0
972;264.0
972;264.0
972;264.0
973;265.0
973;265.0
973;265.0
974;265.0
974;265.0
974;266.0
975;266.0
975;266.0
975;266.0
976;266.0
976;266.0
976;266.0
977;266.0
977;266.0
977;266.0
978;266.0
978;266.0
978;266.0
979;267.0
979;267.0
979;267.0
980;267.0
980;267.0
980;267.0
981;268.0
981;268.0
981;268.0
982;268.0
982;268.0
982;268.0
983;268.0
983;269.0
983;269.0
984;269.0
984;269.0
984;269.0
985;270.0
985;271.0
985;271.0
986;271.0
986;272.0
986;272.0
987;272.0
987;272.0
987;272.0
988;272.0
988;272.0
988;272.0
989;272.0
989;272.0
989;272.0
990;272.0
990;272.0
990;272.0
991;272.0
991;272.0
991;272.0
992;272.0
992;272.0
992;272.0
993;272.0
993;272.0
993;272.0
994;272.0
994;272.0
994;272.0
995;273.0
995;273.0
995;273.0
996;273.0
996;274.0
996;274.0
997;274.0
997;274.0
997;274.0
998;274.0
998;275.0
998;275.0
999;275.0
999;275.0
999;276.0
1000;276.0
1000;276.0
1000;276.0
1001;276.0
1001;276.0
1001;276.0
1002;276.0
1002;276.0
1002;276.0
1003;276.0
1003;277.0
1003;277.0
1004;277.0
1004;278.0
1004;278.0
1005;278.0
1005;278.0
1005;278.0
1006;278.0
1006;279.0
1006;279.0
1007;279.0
1007;279.0
1007;279.0
1008;279.0
1008;279.0
1008;281.0
1009;281.0
1009;281.0
1009;281.0
1010;281.0
1010;281.0
1010;281.0
1011;281.0
1011;281.0
1011;281.0
1012;281.0
1012;281.0
1012;281.0
1013;281.0
1013;281.0
1013;281.0
1014;281.0
1014;281.0
1014;281.0
1015;281.0
1015;281.0
1015;281.0
1016;281.0
1016;281.0
1016;281.0
1017;281.0
1017;281.0
1017;281.0
1018;281.0
1018;281.0
1018;281.0
1019;281.0
1019;281.0
1019;281.0
1020;281.0
1020;281.0
1020;281.0
1021;281.0
1021;281.0
1021;281.0
1022;281.0
1022;281.0
1022;281.0
1023;281.0
1023;281.0
1023;281.0
1024;281.0
1024;281.0
1024;281.0
1025;281.0
1025;281.0
1025;281.0
1026;281.0
1026;281.0
1026;281.0
1027;282.0
1027;282.0
1027;282.0
1028;282.0
1028;282.0
1028;282.0
1029;282.0
1029;282.0
1029;282.0
1030;282.0
1030;282.0
1030;282.0
1031;282.0
1031;282.0
1031;282.0
1032;282.0
1032;282.0
1032;282.0
1033;282.0
1033;282.0
1033;282.0
1034;282.0
1034;282.0
1034;282.0
1035;282.0
1035;282.0
1035;282.0
1036;282.0
1036;282.0
1036;282.0
1037;282.0
1037;282.0
1037;282.0
1038;282.0
1038;282.0
1038;282.0
1039;282.0
1039;283.0
1039;283.0
1040;283.0
1040;283.0
1040;284.0
1041;285.0
1041;285.0
1041;285.0
1042;285.0
1042;285.0
1042;285.0
1043;285.0
1043;285.0
1043;285.0
1044;285.0
1044;285.0
1044;285.0
1045;285.0
1045;285.0
1045;285.0
1046;285.0
1046;285.0
1046;285.0
1047;285.0
1047;285.0
1047;285.0
1048;285.0
1048;285.0
1048;285.0
1049;285.0
1049;285.0
1049;285.0
1050;285.0
1050;285.0
1050;285.0
1051;285.0
1051;285.0
1051;285.0
1052;285.0
1052;285.0
1052;285.0
1053;285.0
1053;285.0
1053;285.0
1054;285.0
1054;285.0
1054;285.0
1055;285.0
1055;285.0
1055;285.0
1056;285.0
1056;285.0
1056;285.0
1057;285.0
1057;285.0
1057;285.0
1058;285.0
1058;285.0
1058;285.0
1059;285.0
1059;285.0
1059;285.0
1060;285.0
1060;285.0
1060;285.0
1061;286.0
1061;286.0
1061;286.0
1062;286.0
1062;286.0
1062;286.0
1063;286.0
1063;286.0
1063;286.0
1064;286.0
1064;287.0
1064;288.0
1065;289.0
1065;289.0
1065;289.0
1066;289.0
1066;289.0
1066;289.0
1067;289.0
1067;289.0
1067;289.0
1068;289.0
1068;289.0
1068;289.0
1069;289.0
1069;289.0
1069;289.0
1070;289.0
1070;289.0
1070;289.0
1071;289.0
1071;289.0
1071;289.0
1072;289.0
1072;289.0
1072;289.0
1073;289.0
1073;289.0
1073;289.0
1074;289.0
1074;289.0
1074;290.0
1075;290.0
1075;290.0
1075;290.0
1076;290.0
1076;290.0
1076;290.0
1077;290.0
1077;290.0
1077;290.0
1078;290.0
1078;290.0
1078;290.0
1079;291.0
1079;291.0
1079;291.0
1080;291.0
1080;292.0
1080;292.0
1081;292.0
1081;292.0
1081;292.0
1082;292.0
1082;292.0
1082;292.0
1083;292.0
1083;292.0
1083;292.0
1084;292.0
1084;292.0
1084;293.0
1085;293.0
1085;293.0
1085;293.0
1086;293.0
1086;293.0
1086;293.0
1087;293.0
1087;293.0
1087;293.0
1088;293.0
1088;293.0
1088;293.0
1089;293.0
1089;293.0
1089;293.0
1090;293.0
1090;293.0
1090;293.0
1091;293.0
1091;294.0
1091;294.0
1092;294.0
1092;294.0
1092;294.0
1093;294.0
1093;294.0
1093;294.0
1094;294.0
1094;294.0
1094;294.0
1095;294.0
1095;294.0
1095;294.0
1096;294.0
1096;294.0
1096;294.0
1097;294.0
1097;294.0
1097;294.0
1098;294.0
1098;294.0
1098;294.0
1099;294.0
1099;294.0
1099;294.0
1100;294.0
1100;294.0
1100;294.0
1101;294.0
1101;294.0
1101;294.0
1102;294.0
1102;294.0
1102;294.0
1103;294.0
1103;294.0
1103;294.0
1104;294.0
1104;294.0
1104;294.0
1105;294.0
1105;294.0
1105;294.0
1106;294.0
1106;294.0
1106;295.0
1107;295.0
1107;295.0
1107;296.0
1108;296.0
1108;296.0
1108;296.0
1109;296.0
1109;296.0
1109;296.0
1110;296.0
1110;296.0
1110;296.0
1111;296.0
1111;296.0
1111;296.0
1112;296.0
1112;296.0
1112;296.0
1113;296.0
1113;296.0
1113;296.0
1114;296.0
1114;296.0
1114;296.0
1115;296.0
1115;296.0
1115;296.0
1116;296.0
1116;296.0
1116;296.0
1117;296.0
1117;296.0
1117;296.0
1118;296.0
1118;296.0
1118;296.0
1119;296.0
1119;296.0
1119;296.0
1120;296.0
1120;296.0
1120;296.0
1121;296.0
1121;296.0
1121;296.0
1122;297.0
1122;297.0
1122;297.0
1123;297.0
1123;297.0
1123;297.0
1124;297.0
1124;297.0
1124;298.0
1125;298.0
1125;298.0
1125;298.0
1126;298.0
1126;298.0
1126;298.0
1127;298.0
1127;298.0
1127;298.0
1128;298.0
1128;298.0
1128;298.0
1129;298.0
1129;298.0
1129;298.0
1130;298.0
1130;298.0
1130;298.0
1131;298.0
1131;298.0
1131;298.0
1132;298.0
1132;298.0
1132;298.0
1133;298.0
1133;298.0
1133;298.0
1134;298.0
1134;298.0
1134;298.0
1135;298.0
1135;298.0
1135;298.0
1136;298.0
1136;298.0
1136;298.0
1137;298.0
1137;298.0
1137;298.0
1138;298.0
1138;298.0
1138;298.0
1139;298.0
1139;298.0
1139;298.0
1140;298.0
1140;298.0
1140;298.0
1141;298.0
1141;299.0
1141;299.0
1142;299.0
1142;299.0
1142;299.0
1143;299.0
1143;299.0
1143;299.0
1144;299.0
1144;299.0
1144;299.0
1145;299.0
1145;299.0
1145;299.0
1146;299.0
1146;299.0
1146;299.0
1147;299.0
1147;299.0
1147;299.0
1148;299.0
1148;299.0
1148;299.0
1149;299.0
1149;300.0
1149;300.0
1150;300.0
1150;300.0
1150;300.0
1151;300.0
1151;300.0
1151;300.0
1152;300.0
1152;300.0
1152;300.0
1153;300.0
1153;300.0
1153;301.0
1154;301.0
1154;301.0
1154;301.0
1155;301.0
1155;301.0
1155;301.0
1156;301.0
1156;301.0
1156;301.0
1157;301.0
1157;301.0
1157;301.0
1158;301.0
1158;301.0
1158;302.0
1159;302.0
1159;303.0
1159;303.0
1160;303.0
1160;303.0
1160;303.0
1161;303.0
1161;303.0
1161;303.0
1162;303.0
1162;303.0
1162;303.0
1163;303.0
1163;303.0
1163;303.0
1164;303.0
1164;303.0
1164;303.0
1165;303.0
1165;303.0
1165;303.0
1166;303.0
1166;303.0
1166;303.0
1167;303.0
1167;303.0
1167;303.0
1168;303.0
1168;303.0
1168;303.0
1169;303.0
1169;303.0
1169;303.0
1170;303.0
1170;303.0
1170;303.0
1171;303.0
1171;303.0
1171;303.0
1172;303.0
1172;303.0
1172;303.0
1173;303.0
1173;303.0
1173;303.0
1174;303.0
1174;303.0
1174;303.0
1175;303.0
1175;303.0
1175;303.0
1176;303.0
1176;303.0
1176;303.0
1177;303.0
1177;303.0
1177;303.0
1178;303.0
1178;303.0
1178;303.0
1179;303.0
1179;303.0
1179;303.0
1180;303.0
1180;303.0
1180;303.0
1181;303.0
1181;303.0
1181;303.0
1182;303.0
1182;303.0
1182;303.0
1183;303.0
1183;303.0
1183;303.0
1184;303.0
1184;303.0
1184;303.0
1185;303.0
1185;303.0
1185;303.0
1186;303.0
1186;303.0
1186;303.0
1187;303.0
1187;303.0
1187;303.0
1188;303.0
1188;304.0
1188;304.0
1189;304.0
1189;304.0
1189;305.0
1190;305.0
1190;305.0
1190;305.0
1191;305.0
1191;305.0
1191;305.0
1192;305.0
1192;305.0
1192;305.0
1193;305.0
1193;305.0
1193;305.0
1194;305.0
1194;305.0
1194;305.0
1195;305.0
1195;305.0
1195;305.0
1196;305.0
1196;305.0
1196;305.0
1197;306.0
1197;306.0
1197;306.0
1198;306.0
1198;306.0
1198;306.0
1199;306.0
1199;306.0
1199;306.0
1200;306.0
1200;307.0
1200;307.0
1201;307.0
1201;307.0
1201;307.0
1202;307.0
1202;307.0
1202;307.0
1203;307.0
1203;307.0
1203;307.0
1204;307.0
1204;307.0
1204;307.0
1205;307.0
1205;307.0
1205;307.0
1206;307.0
1206;307.0
1206;307.0
1207;307.0
1207;307.0
1207;307.0
1208;307.0
1208;307.0
1208;307.0
1209;307.0
1209;307.0
1209;307.0
1210;307.0
1210;307.0
1210;307.0
1211;307.0
1211;307.0
1211;307.0
1212;307.0
1212;307.0
1212;307.0
1213;307.0
1213;307.0
1213;307.0
1214;307.0
1214;307.0
1214;307.0
1215;307.0
1215;307.0
1215;307.0
1216;307.0
1216;307.0
1216;307.0
1217;307.0
1217;308.0
1217;308.0
1218;308.0
1218;308.0
1218;308.0
1219;308.0
1219;308.0
1219;308.0
1220;308.0
1220;308.0
1220;308.0
1221;308.0
1221;308.0
1221;308.0
1222;308.0
1222;308.0
1222;308.0
1223;308.0
1223;308.0
1223;308.0
1224;308.0
1224;308.0
1224;308.0
1225;308.0
1225;308.0
1225;308.0
1226;308.0
1226;308.0
1226;308.0
1227;308.0
1227;308.0
1227;308.0
1228;308.0
1228;308.0
1228;308.0
1229;308.0
1229;308.0
1229;308.0
1230;308.0
1230;308.0
1230;308.0
1231;308.0
1231;308.0
1231;308.0
1232;308.0
1232;308.0
1232;308.0
1233;308.0
1233;308.0
1233;308.0
1234;308.0
1234;308.0
1234;309.0
1235;309.0
1235;309.0
1235;309.0
1236;309.0
1236;309.0
1236;309.0
1237;309.0
1237;309.0
1237;309.0
1238;309.0
1238;309.0
1238;309.0
1239;309.0
1239;309.0
1239;309.0
1240;309.0
1240;309.0
1240;309.0
1241;309.0
1241;310.0
1241;310.0
1242;311.0
1242;311.0
1242;311.0
1243;311.0
1243;311.0
1243;311.0
1244;311.0
1244;311.0
1244;311.0
1245;311.0
1245;311.0
1245;311.0
1246;311.0
1246;311.0
1246;311.0
1247;311.0
1247;311.0
1247;311.0
1248;311.0
1248;312.0
1248;312.0
1249;312.0
1249;312.0
1249;312.0
1250;312.0
1250;312.0
1250;312.0
1251;312.0
1251;312.0
1251;312.0
1252;313.0
1252;313.0
1252;313.0
1253;313.0
1253;313.0
1253;313.0
1254;313.0
1254;313.0
1254;313.0
1255;313.0
1255;313.0
1255;313.0
1256;313.0
1256;313.0
1256;313.0
1257;313.0
1257;313.0
1257;313.0
1258;313.0
1258;313.0
1258;313.0
1259;313.0
1259;313.0
1259;313.0
1260;313.0
1260;313.0
1260;313.0
1261;313.0
1261;313.0
1261;313.0
1262;313.0
1262;313.0
1262;313.0
1263;313.0
1263;313.0
1263;313.0
1264;313.0
1264;313.0
1264;313.0
1265;313.0
1265;313.0
1265;313.0
1266;313.0
1266;313.0
1266;313.0
1267;313.0
1267;313.0
1267;313.0
1268;313.0
1268;313.0
1268;313.0
1269;313.0
1269;313.0
1269;313.0
1270;313.0
1270;313.0
1270;313.0
1271;313.0
1271;313.0
1271;313.0
1272;313.0
1272;313.0
1272;313.0
1273;313.0
1273;313.0
1273;313.0
1274;313.0
1274;313.0
1274;314.0
1275;314.0
1275;314.0
1275;314.0
1276;314.0
1276;314.0
1276;314.0
1277;315.0
1277;315.0
1277;315.0
1278;315.0
1278;315.0
1278;315.0
1279;315.0
1279;315.0
1279;315.0
1280;315.0
1280;315.0
1280;315.0
1281;315.0
1281;315.0
1281;315.0
1282;315.0
1282;315.0
1282;315.0
1283;315.0
1283;315.0
1283;315.0
1284;315.0
1284;315.0
1284;315.0
1285;315.0
1285;315.0
1285;315.0
1286;315.0
1286;315.0
1286;315.0
1287;315.0
1287;315.0
1287;315.0
1288;315.0
1288;315.0
1288;316.0
1289;316.0
1289;316.0
1289;316.0
1290;316.0
1290;316.0
1290;316.0
1291;316.0
1291;316.0
1291;316.0
1292;316.0
1292;316.0
1292;316.0
1293;317.0
1293;317.0
1293;317.0
1294;317.0
1294;317.0
1294;318.0
1295;318.0
1295;318.0
1295;318.0
1296;318.0
1296;318.0
1296;319.0
1297;320.0
1297;320.0
1297;320.0
1298;320.0
1298;320.0
1298;320.0
1299;320.0
1299;320.0
1299;320.0
1300;320.0
1300;320.0
1300;322.0
1301;322.0
1301;322.0
1301;322.0
1302;322.0
1302;322.0
1302;322.0
1303;322.0
1303;322.0
1303;322.0
1304;322.0
1304;322.0
1304;322.0
1305;322.0
1305;322.0
1305;322.0
1306;322.0
1306;322.0
1306;322.0
1307;322.0
1307;322.0
1307;322.0
1308;322.0
1308;322.0
1308;322.0
1309;322.0
1309;322.0
1309;322.0
1310;322.0
1310;322.0
1310;322.0
1311;322.0
1311;322.0
1311;322.0
1312;322.0
1312;322.0
1312;322.0
1313;322.0
1313;322.0
1313;322.0
1314;322.0
1314;322.0
1314;322.0
1315;322.0
1315;322.0
1315;323.0
1316;323.0
1316;323.0
1316;323.0
1317;323.0
1317;323.0
1317;323.0
1318;323.0
1318;323.0
1318;323.0
1319;323.0
1319;323.0
1319;323.0
1320;323.0
1320;323.0
1320;323.0
1321;323.0
1321;323.0
1321;323.0
1322;323.0
1322;323.0
1322;323.0
1323;323.0
1323;323.0
1323;323.0
1324;323.0
1324;323.0
1324;323.0
1325;323.0
1325;323.0
1325;323.0
1326;323.0
1326;323.0
1326;323.0
1327;323.0
1327;323.0
1327;323.0
1328;323.0
1328;323.0
1328;324.0
1329;324.0
1329;324.0
1329;324.0
1330;324.0
1330;324.0
1330;324.0
1331;324.0
1331;324.0
1331;324.0
1332;324.0
1332;324.0
1332;324.0
1333;324.0
1333;324.0
1333;324.0
1334;324.0
1334;325.0
1334;325.0
1335;325.0
1335;325.0
1335;325.0
1336;325.0
1336;325.0
1336;325.0
1337;325.0
1337;326.0
1337;326.0
1338;326.0
1338;326.0
1338;326.0
1339;326.0
1339;326.0
1339;326.0
1340;326.0
1340;326.0
1340;326.0
1341;326.0
1341;326.0
1341;326.0
1342;326.0
1342;326.0
1342;326.0
1343;326.0
1343;326.0
1343;326.0
1344;326.0
1344;326.0
1344;326.0
1345;326.0
1345;326.0
1345;326.0
1346;327.0
1346;327.0
1346;327.0
1347;327.0
1347;327.0
1347;327.0
1348;327.0
1348;327.0
1348;327.0
1349;327.0
1349;327.0
1349;327.0
1350;327.0
1350;327.0
1350;327.0
1351;328.0
1351;328.0
1351;328.0
1352;328.0
1352;328.0
1352;328.0
1353;328.0
1353;329.0
1353;329.0
1354;329.0
1354;329.0
1354;329.0
1355;329.0
1355;329.0
1355;329.0
1356;329.0
1356;329.0
1356;329.0
1357;330.0
1357;331.0
1357;331.0
1358;331.0
1358;331.0
1358;331.0
1359;331.0
1359;331.0
1359;331.0
1360;331.0
1360;331.0
1360;331.0
1361;331.0
1361;331.0
1361;331.0
1362;331.0
1362;331.0
1362;331.0
1363;331.0
1363;331.0
1363;331.0
1364;331.0
1364;332.0
1364;332.0
1365;332.0
1365;332.0
1365;332.0
1366;332.0
1366;332.0
1366;332.0
1367;332.0
1367;332.0
1367;332.0
1368;332.0
1368;332.0
1368;332.0
1369;332.0
1369;332.0
1369;332.0
1370;332.0
1370;332.0
1370;332.0
1371;332.0
1371;332.0
1371;332.0
1372;332.0
1372;332.0
1372;332.0
1373;332.0
1373;332.0
1373;332.0
1374;332.0
1374;332.0
1374;332.0
1375;332.0
1375;332.0
1375;332.0
1376;332.0
1376;332.0
1376;332.0
1377;332.0
1377;332.0
1377;333.0
1378;333.0
1378;333.0
1378;333.0
1379;333.0
1379;333.0
1379;333.0
1380;333.0
1380;333.0
1380;333.0
1381;333.0
1381;333.0
1381;333.0
1382;333.0
1382;333.0
1382;333.0
1383;333.0
1383;333.0
1383;333.0
1384;333.0
1384;333.0
1384;333.0
1385;333.0
1385;333.0
1385;333.0
1386;333.0
1386;333.0
1386;333.0
1387;333.0
1387;333.0
1387;333.0
1388;333.0
1388;333.0
1388;333.0
1389;333.0
1389;333.0
1389;333.0
1390;333.0
1390;333.0
1390;333.0
1391;333.0
1391;333.0
1391;333.0
1392;333.0
1392;333.0
1392;333.0
1393;333.0
1393;333.0
1393;333.0
1394;333.0
1394;333.0
1394;333.0
1395;333.0
1395;333.0
1395;333.0
1396;334.0
1396;334.0
1396;334.0
1397;334.0
1397;334.0
1397;334.0
1398;334.0
1398;335.0
1398;335.0
1399;335.0
1399;335.0
1399;335.0
1400;335.0
1400;335.0
1400;335.0
1401;335.0
1401;335.0
1401;335.0
1402;335.0
1402;335.0
1402;335.0
1403;335.0
1403;335.0
1403;335.0
1404;336.0
1404;336.0
1404;336.0
1405;336.0
1405;336.0
1405;336.0
1406;336.0
1406;336.0
1406;336.0
1407;336.0
1407;336.0
1407;336.0
1408;336.0
1408;336.0
1408;336.0
1409;336.0
1409;336.0
1409;336.0
1410;336.0
1410;336.0
1410;336.0
1411;336.0
1411;336.0
1411;337.0
1412;337.0
1412;337.0
1412;337.0
1413;337.0
1413;337.0
1413;337.0
1414;337.0
1414;337.0
1414;337.0
1415;338.0
1415;338.0
1415;338.0
1416;338.0
1416;338.0
1416;339.0
1417;339.0
1417;339.0
1417;339.0
1418;339.0
1418;339.0
1418;339.0
1419;339.0
1419;339.0
1419;339.0
1420;339.0
1420;339.0
1420;339.0
1421;339.0
1421;339.0
1421;339.0
1422;339.0
1422;339.0
1422;339.0
1423;339.0
1423;339.0
1423;339.0
1424;339.0
1424;339.0
1424;340.0
1425;341.0
1425;341.0
1425;341.0
1426;341.0
1426;342.0
1426;342.0
1427;342.0
1427;342.0
1427;342.0
1428;342.0
1428;342.0
1428;342.0
1429;342.0
1429;342.0
1429;342.0
1430;342.0
1430;342.0
1430;342.0
1431;342.0
1431;342.0
1431;342.0
1432;342.0
1432;342.0
1432;342.0
1433;342.0
1433;342.0
1433;342.0
1434;342.0
1434;342.0
1434;342.0
1435;342.0
1435;342.0
1435;343.0
1436;343.0
1436;343.0
1436;343.0
1437;343.0
1437;343.0
1437;343.0
1438;343.0
1438;343.0
1438;343.0
1439;343.0
1439;343.0
1439;343.0
1440;343.0
1440;343.0
1440;343.0
1441;343.0
1441;343.0
1441;343.0
1442;343.0
1442;343.0
1442;343.0
1443;343.0
1443;343.0
1443;343.0
1444;343.0
1444;343.0
1444;343.0
1445;343.0
1445;343.0
1445;343.0
1446;343.0
1446;343.0
1446;343.0
1447;343.0
1447;343.0
1447;344.0
1448;344.0
1448;344.0
1448;344.0
1449;345.0
1449;345.0
1449;345.0
1450;345.0
1450;345.0
1450;345.0
1451;345.0
1451;345.0
1451;345.0
1452;345.0
1452;345.0
1452;345.0
1453;345.0
1453;345.0
1453;345.0
1454;345.0
1454;345.0
1454;345.0
1455;345.0
1455;345.0
1455;345.0
1456;345.0
1456;345.0
1456;345.0
1457;345.0
1457;345.0
1457;345.0
1458;345.0
1458;345.0
1458;345.0
1459;345.0
1459;346.0
1459;346.0
1460;346.0
1460;346.0
1460;346.0
1461;346.0
1461;346.0
1461;346.0
1462;346.0
1462;346.0
1462;346.0
1463;346.0
1463;346.0
1463;346.0
1464;346.0
1464;346.0
1464;346.0
1465;346.0
1465;346.0
1465;347.0
1466;347.0
1466;347.0
1466;347.0
1467;347.0
1467;347.0
1467;347.0
1468;347.0
1468;347.0
1468;347.0
1469;347.0
1469;347.0
1469;347.0
1470;347.0
1470;347.0
1470;347.0
1471;347.0
1471;347.0
1471;347.0
1472;347.0
1472;347.0
1472;348.0
1473;348.0
1473;348.0
1473;348.0
1474;348.0
1474;348.0
1474;348.0
1475;348.0
1475;349.0
1475;349.0
1476;349.0
1476;349.0
1476;349.0
1477;349.0
1477;349.0
1477;349.0
1478;349.0
1478;349.0
1478;349.0
1479;349.0
1479;349.0
1479;349.0
1480;349.0
1480;349.0
1480;349.0
1481;349.0
1481;349.0
1481;349.0
1482;349.0
1482;349.0
1482;349.0
1483;349.0
1483;349.0
1483;349.0
1484;349.0
1484;349.0
1484;350.0
1485;350.0
1485;350.0
1485;350.0
1486;350.0
1486;350.0
1486;351.0
1487;351.0
1487;352.0
1487;352.0
1488;352.0
1488;352.0
1488;352.0
1489;352.0
1489;353.0
1489;353.0
1490;353.0
1490;353.0
1490;353.0
1491;353.0
1491;354.0
1491;354.0
1492;355.0
1492;356.0
1492;356.0
1493;356.0
1493;356.0
1493;356.0
1494;356.0
1494;356.0
1494;356.0
1495;356.0
1495;356.0
1495;356.0
1496;356.0
1496;356.0
1496;356.0
1497;356.0
1497;356.0
1497;356.0
1498;356.0
1498;356.0
1498;356.0
1499;356.0
1499;356.0
1499;356.0
1500;356.0
1500;356.0
1500;356.0
1501;356.0
1501;356.0
1501;356.0
1502;356.0
1502;356.0
1502;356.0
1503;357.0
1503;357.0
1503;357.0
1504;357.0
1504;357.0
1504;357.0
1505;357.0
1505;357.0
1505;357.0
1506;357.0
1506;357.0
1506;357.0
1507;357.0
1507;357.0
1507;357.0
1508;357.0
1508;357.0
1508;357.0
1509;357.0
1509;357.0
1509;357.0
1510;357.0
1510;357.0
1510;357.0
1511;357.0
1511;357.0
1511;357.0
1512;357.0
1512;358.0
1512;358.0
1513;358.0
1513;358.0
1513;358.0
1514;358.0
1514;358.0
1514;358.0
1515;358.0
1515;358.0
1515;358.0
1516;358.0
1516;358.0
1516;358.0
1517;358.0
1517;358.0
1517;358.0
1518;358.0
1518;358.0
1518;358.0
1519;358.0
1519;358.0
1519;358.0
1520;358.0
1520;358.0
1520;358.0
1521;358.0
1521;358.0
1521;358.0
1522;358.0
1522;358.0
1522;358.0
1523;358.0
1523;358.0
1523;358.0
1524;358.0
1524;358.0
1524;358.0
1525;358.0
1525;358.0
1525;358.0
1526;358.0
1526;358.0
1526;358.0
1527;358.0
1527;358.0
1527;358.0
1528;358.0
1528;358.0
1528;358.0
1529;358.0
1529;358.0
1529;358.0
1530;358.0
1530;358.0
1530;358.0
1531;358.0
1531;358.0
1531;358.0
1532;358.0
1532;358.0
1532;358.0
1533;359.0
1533;359.0
1533;359.0
1534;359.0
1534;359.0
1534;359.0
1535;359.0
1535;359.0
1535;359.0
1536;359.0
1536;359.0
1536;359.0
1537;359.0
1537;359.0
1537;359.0
1538;359.0
1538;359.0
1538;359.0
1539;359.0
1539;359.0
1539;359.0
1540;359.0
1540;359.0
1540;359.0
1541;359.0
1541;359.0
1541;359.0
1542;359.0
1542;359.0
1542;359.0
1543;359.0
1543;359.0
1543;359.0
1544;359.0
1544;359.0
1544;359.0
1545;359.0
1545;359.0
1545;359.0
1546;359.0
1546;359.0
1546;359.0
1547;359.0
1547;359.0
1547;359.0
1548;359.0
1548;359.0
1548;359.0
1549;359.0
1549;359.0
1549;359.0
1550;359.0
1550;359.0
1550;359.0
1551;359.0
1551;359.0
1551;359.0
1552;359.0
1552;359.0
1552;359.0
1553;359.0
1553;359.0
1553;359.0
1554;359.0
1554;359.0
1554;359.0
1555;359.0
1555;359.0
1555;359.0
1556;359.0
1556;359.0
1556;359.0
1557;359.0
1557;359.0
1557;359.0
1558;359.0
1558;359.0
1558;359.0
1559;359.0
1559;359.0
1559;359.0
1560;359.0
1560;359.0
1560;359.0
1561;359.0
1561;359.0
1561;359.0
1562;359.0
1562;359.0
1562;359.0
1563;359.0
1563;359.0
1563;359.0
1564;359.0
1564;359.0
1564;359.0
1565;359.0
1565;359.0
1565;359.0
1566;359.0
1566;359.0
1566;359.0
1567;359.0
1567;359.0
1567;359.0
1568;359.0
1568;359.0
1568;359.0
1569;359.0
1569;359.0
1569;359.0
1570;359.0
1570;359.0
1570;359.0
1571;359.0
1571;359.0
1571;359.0
1572;359.0
1572;359.0
1572;359.0
1573;359.0
1573;359.0
1573;359.0
1574;359.0
1574;359.0
1574;359.0
1575;359.0
1575;359.0
1575;359.0
1576;359.0
1576;359.0
1576;359.0
1577;359.0
1577;359.0
1577;359.0
1578;359.0
1578;359.0
1578;359.0
1579;359.0
1579;359.0
1579;359.0
1580;359.0
1580;359.0
1580;359.0
1581;359.0
1581;359.0
1581;359.0
1582;359.0
1582;359.0
1582;359.0
1583;359.0
1583;359.0
1583;359.0
1584;359.0
1584;359.0
1584;359.0
1585;359.0
1585;359.0
1585;359.0
1586;359.0
1586;359.0
1586;359.0
1587;359.0
1587;359.0
1587;359.0
1588;359.0
1588;359.0
1588;359.0
1589;359.0
1589;359.0
1589;359.0
1590;359.0
1590;359.0
1590;359.0
1591;359.0
1591;359.0
1591;359.0
1592;359.0
1592;359.0
1592;359.0
1593;359.0
1593;359.0
1593;359.0
1594;359.0
1594;359.0
1594;359.0
1595;359.0
1595;359.0
1595;359.0
1596;359.0
1596;359.0
1596;359.0
1597;359.0
1597;359.0
1597;359.0
1598;359.0
1598;359.0
1598;359.0
1599;359.0
1599;359.0
1599;359.0
1600;359.0
1600;359.0
1600;359.0
1601;359.0
1601;359.0
1601;359.0
1602;359.0
1602;359.0
1602;359.0
1603;359.0
1603;359.0
1603;359.0
1604;359.0
1604;359.0
1604;359.0
1605;359.0
1605;359.0
1605;359.0
1606;359.0
1606;359.0
1606;359.0
1607;359.0
1607;359.0
1607;359.0
1608;359.0
1608;359.0
1608;359.0
1609;359.0
1609;359.0
1609;359.0
1610;359.0
1610;359.0
1610;359.0
1611;359.0
1611;359.0
1611;359.0
1612;359.0
1612;359.0
1612;359.0
1613;359.0
1613;359.0
1613;359.0
1614;359.0
1614;359.0
1614;359.0
1615;359.0
1615;359.0
1615;360.0
1616;360.0
1616;360.0
1616;360.0
1617;360.0
1617;360.0
1617;360.0
1618;360.0
1618;360.0
1618;360.0
1619;360.0
1619;360.0
1619;360.0
1620;360.0
1620;360.0
1620;360.0
1621;360.0
1621;360.0
1621;360.0
1622;360.0
1622;360.0
1622;360.0
1623;361.0
1623;361.0
1623;361.0
1624;361.0
1624;361.0
1624;361.0
1625;361.0
1625;361.0
1625;361.0
1626;361.0
1626;361.0
1626;361.0
1627;361.0
1627;361.0
1627;362.0
1628;362.0
1628;362.0
1628;362.0
1629;362.0
1629;362.0
1629;362.0
1630;362.0
1630;362.0
1630;362.0
1631;362.0
1631;362.0
1631;362.0
1632;362.0
1632;362.0
1632;362.0
1633;362.0
1633;362.0
1633;362.0
1634;362.0
1634;362.0
1634;362.0
1635;362.0
1635;362.0
1635;362.0
1636;362.0
1636;362.0
1636;362.0
1637;362.0
1637;362.0
1637;362.0
1638;362.0
1638;362.0
1638;362.0
1639;362.0
1639;362.0
1639;362.0
1640;362.0
1640;362.0
1640;362.0
1641;362.0
1641;362.0
1641;362.0
1642;362.0
1642;362.0
1642;362.0
1643;362.0
1643;362.0
1643;362.0
1644;362.0
1644;362.0
1644;362.0
1645;362.0
1645;362.0
1645;362.0
1646;362.0
1646;362.0
1646;362.0
1647;362.0
1647;362.0
1647;362.0
1648;363.0
1648;363.0
1648;363.0
1649;363.0
1649;363.0
1649;364.0
1650;364.0
1650;364.0
1650;364.0
1651;364.0
1651;364.0
1651;364.0
1652;364.0
1652;364.0
1652;364.0
1653;364.0
1653;364.0
1653;364.0
1654;364.0
1654;364.0
1654;364.0
1655;364.0
1655;364.0
1655;364.0
1656;364.0
1656;364.0
1656;364.0
1657;364.0
1657;365.0
1657;365.0
1658;365.0
1658;365.0
1658;365.0
1659;365.0
1659;365.0
1659;365.0
1660;365.0
1660;365.0
1660;365.0
1661;365.0
1661;365.0
1661;366.0
1662;366.0
1662;366.0
1662;366.0
1663;366.0
1663;366.0
1663;366.0
1664;366.0
1664;366.0
1664;366.0
1665;366.0
1665;366.0
1665;366.0
1666;366.0
1666;366.0
1666;366.0
1667;366.0
1667;366.0
1667;366.0
1668;366.0
1668;366.0
1668;366.0
1669;366.0
1669;366.0
1669;366.0
1670;366.0
1670;366.0
1670;366.0
1671;366.0
1671;366.0
1671;366.0
1672;366.0
1672;366.0
1672;366.0
1673;366.0
1673;366.0
1673;366.0
1674;366.0
1674;366.0
1674;366.0
1675;366.0
1675;366.0
1675;366.0
1676;366.0
1676;366.0
1676;366.0
1677;366.0
1677;366.0
1677;366.0
1678;366.0
1678;366.0
1678;366.0
1679;366.0
1679;366.0
1679;366.0
1680;366.0
1680;366.0
1680;366.0
1681;366.0
1681;366.0
1681;366.0
1682;366.0
1682;366.0
1682;366.0
1683;366.0
1683;366.0
1683;366.0
1684;366.0
1684;366.0
1684;366.0
1685;366.0
1685;366.0
1685;366.0
1686;366.0
1686;366.0
1686;366.0
1687;366.0
1687;366.0
1687;366.0
1688;366.0
1688;366.0
1688;366.0
1689;366.0
1689;366.0
1689;366.0
1690;366.0
1690;366.0
1690;366.0
1691;366.0
1691;366.0
1691;366.0
1692;366.0
1692;366.0
1692;366.0
1693;366.0
1693;366.0
1693;366.0
1694;366.0
1694;366.0
1694;366.0
1695;366.0
1695;366.0
1695;366.0
1696;366.0
1696;366.0
1696;366.0
1697;366.0
1697;366.0
1697;366.0
1698;366.0
1698;366.0
1698;366.0
1699;366.0
1699;366.0
1699;366.0
1700;366.0
1700;366.0
1700;366.0
1701;366.0
1701;366.0
1701;366.0
1702;366.0
1702;366.0
1702;366.0
1703;366.0
1703;366.0
1703;366.0
1704;366.0
1704;366.0
1704;366.0
1705;366.0
1705;366.0
1705;366.0
1706;366.0
1706;366.0
1706;366.0
1707;366.0
1707;366.0
1707;366.0
1708;366.0
1708;366.0
1708;366.0
1709;366.0
1709;366.0
1709;366.0
1710;366.0
1710;366.0
1710;366.0
1711;366.0
1711;366.0
1711;366.0
1712;366.0
1712;366.0
1712;366.0
1713;366.0
1713;366.0
1713;366.0
1714;366.0
1714;366.0
1714;366.0
1715;366.0
1715;366.0
1715;366.0
1716;366.0
1716;366.0
1716;366.0
1717;366.0
1717;366.0
1717;366.0
1718;366.0
1718;366.0
1718;366.0
1719;366.0
1719;366.0
1719;366.0
1720;366.0
1720;366.0
1720;366.0
1721;366.0
1721;366.0
1721;366.0
1722;366.0
1722;366.0
1722;366.0
1723;366.0
1723;366.0
1723;366.0
1724;366.0
1724;366.0
1724;366.0
1725;366.0
1725;366.0
1725;366.0
1726;366.0
1726;366.0
1726;366.0
1727;366.0
1727;366.0
1727;366.0
1728;366.0
1728;366.0
1728;366.0
1729;366.0
1729;366.0
1729;366.0
1730;366.0
1730;366.0
1730;366.0
1731;366.0
1731;366.0
1731;366.0
1732;366.0
1732;366.0
1732;366.0
1733;366.0
1733;366.0
1733;366.0
1734;366.0
1734;366.0
1734;366.0
1735;366.0
1735;366.0
1735;366.0
1736;366.0
1736;366.0
1736;366.0
1737;366.0
1737;366.0
1737;366.0
1738;366.0
1738;366.0
1738;366.0
1739;366.0
1739;366.0
1739;366.0
1740;366.0
1740;366.0
1740;366.0
1741;366.0
1741;366.0
1741;366.0
1742;366.0
1742;366.0
1742;366.0
1743;366.0
1743;366.0
1743;366.0
1744;366.0
1744;366.0
1744;366.0
1745;366.0
1745;366.0
1745;366.0
1746;366.0
1746;366.0
1746;366.0
1747;366.0
1747;366.0
1747;366.0
1748;366.0
1748;366.0
1748;366.0
1749;366.0
1749;366.0
1749;366.0
1750;366.0
1750;366.0
1750;366.0
1751;366.0
1751;366.0
1751;366.0
1752;366.0
1752;366.0
1752;366.0
1753;366.0
1753;366.0
1753;366.0
1754;366.0
1754;366.0
1754;366.0
1755;366.0
1755;366.0
1755;366.0
1756;366.0
1756;366.0
1756;366.0
1757;366.0
1757;366.0
1757;366.0
1758;366.0
1758;366.0
1758;366.0
1759;366.0
1759;366.0
1759;366.0
1760;366.0
1760;366.0
1760;366.0
1761;366.0
1761;366.0
1761;366.0
1762;366.0
1762;366.0
1762;366.0
1763;366.0
1763;366.0
1763;366.0
1764;366.0
1764;366.0
1764;366.0
1765;366.0
1765;366.0
1765;366.0
1766;366.0
1766;366.0
1766;366.0
1767;366.0
1767;366.0
1767;366.0
1768;366.0
1768;366.0
1768;366.0
1769;366.0
1769;366.0
1769;366.0
1770;366.0
1770;366.0
1770;366.0
1771;366.0
1771;366.0
1771;366.0
1772;366.0
1772;366.0
1772;366.0
1773;366.0
1773;366.0
1773;366.0
1774;366.0
1774;366.0
1774;366.0
1775;366.0
1775;366.0
1775;366.0
1776;366.0
1776;366.0
1776;366.0
1777;366.0
1777;366.0
1777;366.0
1778;366.0
1778;366.0
1778;366.0
1779;366.0
1779;366.0
1779;366.0
1780;366.0
1780;366.0
1780;366.0
1781;366.0
1781;366.0
1781;366.0
1782;366.0
1782;366.0
1782;366.0
1783;366.0
1783;366.0
1783;366.0
1784;366.0
1784;366.0
1784;366.0
1785;366.0
1785;366.0
1785;366.0
1786;366.0
1786;366.0
1786;366.0
1787;366.0
1787;366.0
1787;366.0
1788;366.0
1788;366.0
1788;366.0
1789;366.0
1789;366.0
1789;366.0
1790;366.0
1790;366.0
1790;366.0
1791;366.0
1791;366.0
1791;366.0
1792;366.0
1792;366.0
1792;366.0
1793;366.0
1793;366.0
1793;366.0
1794;366.0
1794;366.0
1794;366.0
1795;366.0
1795;366.0
1795;366.0
1796;366.0
1796;366.0
1796;366.0
1797;366.0
1797;366.0
1797;366.0
1798;366.0
1798;366.0
1798;366.0
1799;366.0
1799;366.0
1799;366.0
1800;366.0
1800;366.0
1800;366.0
1801;366.0
1801;366.0
1801;366.0
1802;366.0
1802;366.0
1802;366.0
1803;366.0
1803;366.0
1803;366.0
1804;366.0
1804;366.0
1804;366.0
1805;366.0
1805;366.0
1805;366.0
1806;366.0
1806;366.0
1806;366.0
1807;366.0
1807;366.0
1807;366.0
1808;366.0
1808;366.0
1808;366.0
1809;366.0
1809;366.0
1809;366.0
1810;366.0
1810;366.0
1810;366.0
1811;366.0
1811;366.0
1811;366.0
1812;366.0
1812;366.0
1812;366.0
1813;366.0
1813;366.0
1813;366.0
1814;366.0
1814;366.0
1814;366.0
1815;366.0
1815;366.0
1815;366.0
1816;366.0
1816;366.0
1816;366.0
1817;366.0
1817;366.0
1817;366.0
1818;366.0
1818;366.0
1818;366.0
1819;366.0
1819;366.0
1819;366.0
1820;366.0
1820;366.0
1820;366.0
1821;366.0
1821;366.0
1821;366.0
1822;366.0
1822;366.0
1822;366.0
1823;366.0
1823;366.0
1823;366.0
1824;366.0
1824;366.0
1824;366.0
1825;366.0
1825;366.0
1825;366.0
1826;366.0
1826;366.0
1826;366.0
1827;366.0
1827;366.0
1827;366.0
1828;366.0
1828;366.0
1828;366.0
1829;366.0
1829;366.0
1829;366.0
1830;366.0
1830;366.0
1830;366.0
1831;366.0
1831;366.0
1831;366.0
1832;366.0
1832;366.0
1832;366.0
1833;366.0
1833;366.0
1833;366.0
1834;366.0
1834;366.0
1834;366.0
1835;366.0
1835;367.0
1835;367.0
1836;367.0
1836;367.0
1836;367.0
1837;367.0
1837;367.0
1837;367.0
1838;367.0
1838;367.0
1838;367.0
1839;367.0
1839;367.0
1839;367.0
1840;367.0
1840;367.0
1840;367.0
1841;367.0
1841;367.0
1841;367.0
1842;367.0
1842;367.0
1842;367.0
1843;367.0
1843;367.0
1843;367.0
1844;367.0
1844;367.0
1844;367.0
1845;367.0
1845;367.0
1845;367.0
1846;367.0
1846;367.0
1846;367.0
1847;367.0
1847;367.0
1847;367.0
1848;367.0
1848;367.0
1848;367.0
1849;367.0
1849;367.0
1849;367.0
1850;367.0
1850;367.0
1850;367.0
1851;367.0
1851;367.0
1851;367.0
1852;367.0
1852;367.0
1852;367.0
1853;367.0
1853;367.0
1853;367.0
1854;367.0
1854;367.0
1854;367.0
1855;367.0
1855;367.0
1855;367.0
1856;367.0
1856;367.0
1856;367.0
1857;367.0
1857;367.0
1857;367.0
1858;367.0
1858;367.0
1858;368.0
1859;368.0
1859;368.0
1859;368.0
1860;368.0
1860;368.0
1860;368.0
1861;368.0
1861;368.0
1861;368.0
1862;368.0
1862;368.0
1862;368.0
1863;368.0
1863;368.0
1863;368.0
1864;368.0
1864;368.0
1864;368.0
1865;368.0
1865;368.0
1865;368.0
1866;368.0
1866;368.0
1866;368.0
1867;368.0
1867;368.0
1867;368.0
1868;368.0
1868;368.0
1868;368.0
1869;368.0
1869;368.0
1869;368.0
1870;368.0
1870;368.0
1870;368.0
1871;368.0
1871;368.0
1871;368.0
1872;368.0
1872;368.0
1872;368.0
1873;368.0
1873;368.0
1873;368.0
1874;368.0
1874;368.0
1874;368.0
1875;368.0
1875;368.0
1875;368.0
1876;368.0
1876;368.0
1876;368.0
1877;368.0
1877;368.0
1877;368.0
1878;368.0
1878;368.0
1878;368.0
1879;368.0
1879;368.0
1879;368.0
1880;368.0
1880;368.0
1880;368.0
1881;368.0
1881;368.0
1881;368.0
1882;368.0
1882;368.0
1882;368.0
1883;368.0
1883;368.0
1883;368.0
1884;368.0
1884;368.0
1884;368.0
1885;368.0
1885;368.0
1885;368.0
1886;368.0
1886;368.0
1886;368.0
1887;368.0
1887;368.0
1887;368.0
1888;368.0
1888;368.0
1888;368.0
1889;368.0
1889;368.0
1889;368.0
1890;368.0
1890;368.0
1890;368.0
1891;368.0
1891;368.0
1891;368.0
1892;368.0
1892;368.0
1892;368.0
1893;368.0
1893;368.0
1893;368.0
1894;368.0
1894;368.0
1894;368.0
1895;368.0
1895;368.0
1895;368.0
1896;368.0
1896;368.0
1896;368.0
1897;368.0
1897;368.0
1897;368.0
1898;368.0
1898;368.0
1898;368.0
1899;368.0
1899;368.0
1899;368.0
1900;368.0
1900;368.0
1900;368.0
1901;368.0
1901;368.0
1901;368.0
1902;368.0
1902;368.0
1902;368.0
1903;368.0
1903;368.0
1903;368.0
1904;368.0
1904;368.0
1904;368.0
1905;368.0
1905;368.0
1905;368.0
1906;368.0
1906;368.0
1906;368.0
1907;368.0
1907;368.0
1907;368.0
1908;368.0
1908;368.0
1908;368.0
1909;368.0
1909;368.0
1909;368.0
1910;368.0
1910;368.0
1910;368.0
1911;368.0
1911;368.0
1911;368.0
1912;368.0
1912;368.0
1912;368.0
1913;368.0
1913;368.0
1913;368.0
1914;368.0
1914;368.0
1914;368.0
1915;368.0
1915;368.0
1915;368.0
1916;368.0
1916;368.0
1916;368.0
1917;368.0
1917;368.0
1917;368.0
1918;368.0
1918;368.0
1918;368.0
1919;368.0
1919;368.0
1919;368.0
1920;368.0
1920;368.0
1920;368.0
1921;368.0
1921;368.0
1921;368.0
1922;368.0
1922;368.0
1922;368.0
1923;368.0
1923;368.0
1923;368.0
1924;368.0
1924;368.0
1924;368.0
1925;368.0
1925;368.0
1925;368.0
1926;368.0
1926;368.0
1926;368.0
1927;368.0
1927;368.0
1927;368.0
1928;368.0
1928;368.0
1928;368.0
1929;368.0
1929;368.0
1929;368.0
1930;368.0
1930;368.0
1930;368.0
1931;368.0
1931;368.0
1931;368.0
1932;368.0
1932;368.0
1932;368.0
1933;368.0
1933;368.0
1933;368.0
1934;368.0
1934;368.0
1934;368.0
1935;368.0
1935;368.0
1935;368.0
1936;368.0
1936;368.0
1936;368.0
1937;368.0
1937;368.0
1937;368.0
1938;368.0
1938;368.0
1938;368.0
1939;368.0
1939;368.0
1939;368.0
1940;368.0
1940;368.0
1940;368.0
1941;368.0
1941;368.0
1941;368.0
1942;368.0
1942;368.0
1942;368.0
1943;368.0
1943;368.0
1943;368.0
1944;368.0
1944;368.0
1944;368.0
1945;368.0
1945;368.0
1945;368.0
1946;368.0
1946;368.0
1946;368.0
1947;368.0
1947;368.0
1947;368.0
1948;368.0
1948;368.0
1948;368.0
1949;368.0
1949;368.0
1949;368.0
1950;368.0
1950;368.0
1950;368.0
1951;368.0
1951;368.0
1951;368.0
1952;368.0
1952;368.0
1952;368.0
1953;368.0
1953;368.0
1953;368.0
1954;368.0
1954;368.0
1954;368.0
1955;368.0
1955;368.0
1955;368.0
1956;368.0
1956;368.0
1956;368.0
1957;368.0
1957;368.0
1957;368.0
1958;368.0
1958;368.0
1958;368.0
1959;368.0
1959;368.0
1959;368.0
1960;368.0
1960;368.0
1960;368.0
1961;368.0
1961;368.0
1961;368.0
1962;368.0
1962;368.0
1962;368.0
1963;368.0
1963;368.0
1963;368.0
1964;368.0
1964;368.0
1964;368.0
1965;368.0
1965;368.0
1965;368.0
1966;368.0
1966;368.0
1966;368.0
1967;368.0
1967;368.0
1967;368.0
1968;368.0
1968;368.0
1968;368.0
1969;368.0
1969;368.0
1969;368.0
1970;368.0
1970;368.0
1970;368.0
1971;368.0
1971;368.0
1971;368.0
1972;368.0
1972;368.0
1972;368.0
1973;368.0
1973;368.0
1973;368.0
1974;368.0
1974;368.0
1974;368.0
1975;368.0
1975;368.0
1975;368.0
1976;368.0
1976;368.0
1976;368.0
1977;368.0
1977;368.0
1977;368.0
1978;368.0
1978;368.0
1978;368.0
1979;368.0
1979;368.0
1979;368.0
1980;368.0
1980;368.0
1980;368.0
1981;368.0
1981;368.0
1981;368.0
1982;368.0
1982;368.0
1982;368.0
1983;368.0
1983;368.0
1983;368.0
1984;368.0
1984;368.0
1984;368.0
1985;368.0
1985;368.0
1985;368.0
1986;368.0
1986;368.0
1986;368.0
1987;368.0
1987;368.0
1987;368.0
1988;368.0
1988;368.0
1988;368.0
1989;368.0
1989;368.0
1989;368.0
1990;368.0
1990;368.0
1990;368.0
1991;368.0
1991;368.0
1991;368.0
1992;368.0
1992;368.0
1992;368.0
1993;368.0
1993;368.0
1993;368.0
1994;368.0
1994;368.0
1994;368.0
1995;368.0
1995;368.0
1995;368.0
1996;368.0
1996;368.0
1996;368.0
1997;368.0
1997;368.0
1997;368.0
1998;368.0
1998;368.0
1998;368.0
1999;368.0
1999;368.0
1999;368.0
2000;368.0
2000;368.0
2000;368.0
2001;368.0
2001;368.0
2001;368.0
2002;368.0
2002;368.0
2002;368.0
2003;368.0
2003;368.0
2003;368.0
2004;368.0
2004;368.0
2004;368.0
2005;368.0
2005;368.0
2005;368.0
2006;368.0
2006;368.0
2006;368.0
2007;368.0
2007;368.0
2007;368.0
2008;368.0
2008;368.0
2008;368.0
2009;368.0
2009;368.0
2009;368.0
2010;368.0
2010;368.0
2010;368.0
2011;368.0
2011;368.0
2011;368.0
2012;368.0
2012;368.0
2012;368.0
2013;368.0
2013;368.0
2013;368.0
2014;368.0
2014;368.0
2014;368.0
2015;368.0
2015;368.0
2015;368.0
2016;368.0
2016;368.0
2016;368.0
2017;368.0
2017;368.0
2017;368.0
2018;368.0
2018;368.0
2018;368.0
2019;368.0
2019;368.0
2019;368.0
2020;368.0
2020;368.0
2020;368.0
2021;368.0
2021;368.0
2021;368.0
2022;368.0
2022;368.0
2022;368.0
2023;368.0
2023;368.0
2023;368.0
2024;368.0
2024;368.0
2024;368.0
2025;368.0
2025;368.0
2025;368.0
2026;368.0
2026;368.0
2026;368.0
2027;368.0
2027;368.0
2027;368.0
2028;368.0
2028;368.0
2028;368.0
2029;368.0
2029;368.0
2029;368.0
2030;368.0
2030;368.0
2030;368.0
2031;368.0
2031;368.0
2031;368.0
2032;368.0
2032;368.0
2032;368.0
2033;368.0
2033;368.0
2033;368.0
2034;368.0
2034;368.0
2034;368.0
2035;368.0
2035;368.0
2035;368.0
2036;368.0
2036;368.0
2036;368.0
2037;368.0
2037;368.0
2037;368.0
2038;368.0
2038;368.0
2038;368.0
2039;368.0
2039;368.0
2039;368.0
2040;368.0
2040;368.0
2040;368.0
2041;368.0
2041;368.0
2041;368.0
2042;368.0
2042;368.0
2042;369.0
2043;369.0
2043;369.0
2043;369.0
2044;369.0
2044;369.0
2044;369.0
2045;369.0
2045;369.0
2045;369.0
2046;369.0
2046;369.0
2046;369.0
2047;369.0
2047;369.0
2047;369.0
2048;369.0
2048;369.0
2048;369.0
2049;369.0
2049;369.0
2049;369.0
2050;369.0
2050;369.0
2050;369.0
2051;369.0
2051;369.0
2051;369.0
2052;369.0
2052;369.0
2052;369.0
2053;369.0
2053;369.0
2053;369.0
2054;369.0
2054;369.0
2054;369.0
2055;369.0
2055;369.0
2055;369.0
2056;369.0
2056;369.0
2056;369.0
2057;369.0
2057;369.0
2057;369.0
2058;369.0
2058;370.0
2058;370.0
2059;370.0
2059;370.0
2059;370.0
2060;370.0
2060;370.0
2060;370.0
2061;370.0
2061;370.0
2061;370.0
2062;370.0
2062;370.0
2062;370.0
2063;370.0
2063;370.0
2063;370.0
2064;370.0
2064;370.0
2064;370.0
2065;370.0
2065;370.0
2065;370.0
2066;370.0
2066;370.0
2066;370.0
2067;370.0
2067;370.0
2067;370.0
2068;370.0
2068;370.0
2068;370.0
2069;370.0
2069;370.0
2069;370.0
2070;370.0
2070;370.0
2070;370.0
2071;370.0
2071;370.0
2071;370.0
2072;370.0
2072;370.0
2072;370.0
2073;370.0
2073;370.0
2073;370.0
2074;370.0
2074;370.0
2074;370.0
2075;370.0
2075;370.0
2075;370.0
2076;370.0
2076;370.0
2076;370.0
2077;370.0
2077;370.0
2077;370.0
2078;370.0
2078;370.0
2078;370.0
2079;370.0
2079;370.0
2079;370.0
2080;370.0
2080;370.0
2080;370.0
2081;370.0
2081;370.0
2081;370.0
2082;370.0
2082;370.0
2082;370.0
2083;370.0
2083;370.0
2083;370.0
2084;370.0
2084;370.0
2084;370.0
2085;370.0
2085;370.0
2085;370.0
2086;370.0
2086;370.0
2086;370.0
2087;370.0
2087;370.0
2087;370.0
2088;370.0
2088;370.0
2088;370.0
2089;370.0
2089;370.0
2089;370.0
2090;370.0
2090;370.0
2090;370.0
2091;370.0
2091;370.0
2091;370.0
2092;370.0
2092;370.0
2092;370.0
2093;370.0
2093;370.0
2093;370.0
2094;370.0
2094;370.0
2094;370.0
2095;370.0
2095;370.0
2095;370.0
2096;370.0
2096;370.0
2096;370.0
2097;370.0
2097;370.0
2097;370.0
2098;370.0
2098;370.0
2098;370.0
2099;370.0
2099;370.0
2099;370.0
2100;370.0
2100;370.0
2100;370.0
2101;370.0
2101;370.0
2101;370.0
2102;370.0
2102;370.0
2102;370.0
2103;370.0
2103;370.0
2103;370.0
2104;370.0
2104;370.0
2104;370.0
2105;370.0
2105;370.0
2105;370.0
2106;370.0
2106;370.0
2106;370.0
2107;370.0
2107;370.0
2107;370.0
2108;370.0
2108;370.0
2108;370.0
2109;370.0
2109;370.0
2109;370.0
2110;370.0
2110;370.0
2110;370.0
2111;370.0
2111;370.0
2111;370.0
2112;370.0
2112;370.0
2112;370.0
2113;370.0
2113;370.0
2113;370.0
2114;370.0
2114;370.0
2114;370.0
2115;370.0
2115;370.0
2115;370.0
2116;370.0
2116;370.0
2116;370.0
2117;370.0
2117;370.0
2117;370.0
2118;370.0
2118;370.0
2118;370.0
2119;371.0
2119;371.0
2119;371.0
2120;371.0
2120;371.0
2120;371.0
2121;371.0
2121;371.0
2121;371.0
2122;371.0
2122;371.0
2122;371.0
2123;371.0
2123;371.0
2123;371.0
2124;371.0
2124;371.0
2124;371.0
2125;371.0
2125;371.0
2125;371.0
2126;371.0
2126;371.0
2126;371.0
2127;371.0
2127;371.0
2127;371.0
2128;371.0
2128;371.0
2128;371.0
2129;371.0
2129;371.0
2129;371.0
2130;371.0
2130;371.0
2130;371.0
2131;371.0
2131;371.0
2131;371.0
2132;371.0
2132;371.0
2132;371.0
2133;371.0
2133;371.0
2133;371.0
2134;371.0
2134;371.0
2134;371.0
2135;371.0
2135;372.0
2135;372.0
2136;372.0
2136;372.0
2136;372.0
2137;372.0
2137;372.0
2137;372.0
2138;372.0
2138;372.0
2138;372.0
2139;372.0
2139;372.0
2139;372.0
2140;372.0
2140;372.0
2140;372.0
2141;372.0
2141;372.0
2141;372.0
2142;372.0
2142;372.0
2142;372.0
2143;372.0
2143;372.0
2143;372.0
2144;372.0
2144;372.0
2144;372.0
2145;372.0
2145;372.0
2145;372.0
2146;372.0
2146;372.0
2146;372.0
2147;372.0
2147;372.0
2147;372.0
2148;372.0
2148;372.0
2148;372.0
2149;372.0
2149;372.0
2149;372.0
2150;372.0
2150;372.0
2150;372.0
2151;372.0
2151;372.0
2151;372.0
2152;372.0
2152;372.0
2152;372.0
2153;372.0
2153;372.0
2153;372.0
2154;372.0
2154;372.0
2154;372.0
2155;372.0
2155;372.0
2155;372.0
2156;372.0
2156;372.0
2156;372.0
2157;372.0
2157;372.0
2157;372.0
2158;372.0
2158;372.0
2158;372.0
2159;372.0
2159;372.0
2159;372.0
2160;372.0
2160;372.0
2160;372.0
2161;372.0
2161;372.0
2161;372.0
2162;372.0
2162;372.0
2162;372.0
2163;372.0
2163;372.0
2163;372.0
2164;372.0
2164;372.0
2164;372.0
2165;372.0
2165;372.0
2165;372.0
2166;372.0
2166;372.0
2166;372.0
2167;372.0
2167;372.0
2167;372.0
2168;372.0
2168;372.0
2168;372.0
2169;372.0
2169;372.0
2169;372.0
2170;372.0
2170;372.0
2170;372.0
2171;372.0
2171;372.0
2171;372.0
2172;372.0
2172;372.0
2172;372.0
2173;372.0
2173;372.0
2173;372.0
2174;372.0
2174;372.0
2174;372.0
2175;372.0
2175;372.0
2175;372.0
2176;372.0
2176;372.0
2176;372.0
2177;372.0
2177;372.0
2177;372.0
2178;372.0
2178;372.0
2178;372.0
2179;372.0
2179;372.0
2179;372.0
2180;372.0
2180;372.0
2180;372.0
2181;372.0
2181;372.0
2181;372.0
2182;372.0
2182;372.0
2182;372.0
2183;372.0
2183;372.0
2183;372.0
2184;372.0
2184;372.0
2184;372.0
2185;372.0
2185;372.0
2185;372.0
2186;372.0
2186;372.0
2186;372.0
2187;372.0
2187;372.0
2187;372.0
2188;372.0
2188;372.0
2188;372.0
2189;372.0
2189;372.0
2189;372.0
2190;372.0
2190;372.0
2190;372.0
2191;372.0
2191;372.0
2191;372.0
2192;372.0
2192;372.0
2192;372.0
2193;372.0
2193;372.0
2193;372.0
2194;372.0
2194;372.0
2194;372.0
2195;372.0
2195;372.0
2195;372.0
2196;372.0
2196;372.0
2196;372.0
2197;372.0
2197;372.0
2197;372.0
2198;372.0
2198;372.0
2198;372.0
2199;372.0
2199;372.0
2199;372.0
2200;372.0
2200;372.0
2200;372.0
2201;372.0
2201;372.0
2201;372.0
2202;372.0
2202;372.0
2202;372.0
2203;372.0
2203;372.0
2203;372.0
2204;372.0
2204;372.0
2204;372.0
2205;372.0
2205;372.0
2205;372.0
2206;372.0
2206;372.0
2206;372.0
2207;372.0
2207;372.0
2207;372.0
2208;372.0
2208;372.0
2208;372.0
2209;372.0
2209;372.0
2209;372.0
2210;372.0
2210;372.0
2210;372.0
2211;372.0
2211;372.0
2211;372.0
2212;372.0
2212;372.0
2212;372.0
2213;372.0
2213;372.0
2213;372.0
2214;372.0
2214;372.0
2214;372.0
2215;372.0
2215;372.0
2215;372.0
2216;372.0
2216;372.0
2216;372.0
2217;372.0
2217;372.0
2217;372.0
2218;372.0
2218;372.0
2218;372.0
2219;372.0
2219;372.0
2219;372.0
2220;372.0
2220;372.0
2220;372.0
2221;372.0
2221;372.0
2221;372.0
2222;372.0
2222;372.0
2222;372.0
2223;372.0
2223;372.0
2223;372.0
2224;372.0
2224;372.0
2224;372.0
2225;372.0
2225;372.0
2225;372.0
2226;372.0
2226;372.0
2226;372.0
2227;372.0
2227;372.0
2227;372.0
2228;372.0
2228;372.0
2228;372.0
2229;372.0
2229;372.0
2229;372.0
2230;372.0
2230;372.0
2230;372.0
2231;372.0
2231;372.0
2231;372.0
2232;372.0
2232;372.0
2232;372.0
2233;372.0
2233;372.0
2233;372.0
2234;372.0
2234;372.0
2234;372.0
2235;372.0
2235;372.0
2235;372.0
2236;372.0
2236;372.0
2236;372.0
2237;372.0
2237;372.0
2237;372.0
2238;372.0
2238;372.0
2238;372.0
2239;372.0
2239;372.0
2239;372.0
2240;372.0
2240;372.0
2240;372.0
2241;372.0
2241;372.0
2241;372.0
2242;372.0
2242;372.0
2242;372.0
2243;372.0
2243;372.0
2243;372.0
2244;372.0
2244;372.0
2244;372.0
2245;372.0
2245;372.0
2245;372.0
2246;372.0
2246;372.0
2246;372.0
2247;372.0
2247;372.0
2247;372.0
2248;372.0
2248;372.0
2248;372.0
2249;372.0
2249;372.0
2249;372.0
2250;372.0
2250;372.0
2250;372.0
2251;372.0
2251;372.0
2251;372.0
2252;372.0
2252;372.0
2252;372.0
2253;372.0
2253;372.0
2253;372.0
2254;372.0
2254;372.0
2254;372.0
2255;372.0
2255;372.0
2255;372.0
2256;372.0
2256;372.0
2256;372.0
2257;372.0
2257;372.0
2257;372.0
2258;372.0
2258;372.0
2258;372.0
2259;372.0
2259;372.0
2259;372.0
2260;372.0
2260;372.0
2260;372.0
2261;372.0
2261;372.0
2261;372.0
2262;372.0
2262;372.0
2262;372.0
2263;372.0
2263;372.0
2263;372.0
2264;372.0
2264;372.0
2264;372.0
2265;372.0
2265;372.0
2265;372.0
2266;372.0
2266;372.0
2266;372.0
2267;372.0
2267;372.0
2267;372.0
2268;372.0
2268;372.0
2268;373.0
2269;373.0
2269;373.0
2269;373.0
2270;373.0
2270;373.0
2270;373.0
2271;373.0
2271;373.0
2271;373.0
2272;373.0
2272;373.0
2272;373.0
2273;373.0
2273;373.0
2273;373.0
2274;373.0
2274;373.0
2274;373.0
2275;373.0
2275;373.0
2275;373.0
2276;373.0
2276;373.0
2276;373.0
2277;373.0
2277;373.0
2277;373.0
2278;373.0
2278;373.0
2278;373.0
2279;373.0
2279;373.0
2279;373.0
2280;373.0
2280;373.0
2280;373.0
2281;373.0
2281;373.0
2281;373.0
2282;373.0
2282;373.0
2282;373.0
2283;373.0
2283;373.0
2283;373.0
2284;373.0
2284;373.0
2284;373.0
2285;373.0
2285;373.0
2285;373.0
2286;373.0
2286;373.0
2286;373.0
2287;373.0
2287;373.0
2287;373.0
2288;373.0
2288;373.0
2288;373.0
2289;373.0
2289;373.0
2289;373.0
2290;373.0
2290;373.0
2290;373.0
2291;373.0
2291;373.0
2291;373.0
2292;373.0
2292;373.0
2292;373.0
2293;373.0
2293;373.0
2293;373.0
2294;373.0
2294;373.0
2294;373.0
2295;373.0
2295;373.0
2295;373.0
2296;373.0
2296;373.0
2296;373.0
2297;373.0
2297;373.0
2297;373.0
2298;373.0
2298;373.0
2298;373.0
2299;373.0
2299;373.0
2299;373.0
2300;373.0
2300;373.0
2300;373.0
2301;373.0
2301;373.0
2301;373.0
2302;373.0
2302;373.0
2302;373.0
2303;373.0
2303;373.0
2303;373.0
2304;373.0
2304;373.0
2304;373.0
2305;373.0
2305;373.0
2305;373.0
2306;373.0
2306;373.0
2306;373.0
2307;373.0
2307;373.0
2307;373.0
2308;373.0
2308;373.0
2308;373.0
2309;373.0
2309;373.0
2309;373.0
2310;373.0
2310;373.0
2310;373.0
2311;373.0
2311;373.0
2311;373.0
2312;373.0
2312;373.0
2312;373.0
2313;373.0
2313;373.0
2313;373.0
2314;373.0
2314;373.0
2314;373.0
2315;373.0
2315;373.0
2315;373.0
2316;373.0
2316;373.0
2316;373.0
2317;373.0
2317;373.0
2317;373.0
2318;373.0
2318;373.0
2318;373.0
2319;373.0
2319;373.0
2319;373.0
2320;373.0
2320;373.0
2320;373.0
2321;373.0
2321;373.0
2321;373.0
2322;373.0
2322;373.0
2322;373.0
2323;373.0
2323;373.0
2323;373.0
2324;373.0
2324;373.0
2324;373.0
2325;373.0
2325;373.0
2325;373.0
2326;373.0
2326;373.0
2326;373.0
2327;373.0
2327;373.0
2327;373.0
2328;373.0
2328;373.0
2328;373.0
2329;373.0
2329;373.0
2329;373.0
2330;373.0
2330;373.0
2330;373.0
2331;373.0
2331;373.0
2331;373.0
2332;373.0
2332;373.0
2332;373.0
2333;373.0
2333;373.0
2333;373.0
2334;373.0
2334;373.0
2334;373.0
2335;374.0
2335;374.0
2335;374.0
2336;374.0
2336;374.0
2336;374.0
2337;374.0
2337;374.0
2337;374.0
2338;375.0
2338;375.0
2338;375.0
2339;375.0
2339;375.0
2339;375.0
2340;375.0
2340;375.0
2340;375.0
2341;375.0
2341;375.0
2341;375.0
2342;375.0
2342;375.0
2342;375.0
2343;375.0
2343;375.0
2343;375.0
2344;375.0
2344;375.0
2344;375.0
2345;375.0
2345;375.0
2345;375.0
2346;375.0
2346;375.0
2346;375.0
2347;375.0
2347;375.0
2347;375.0
2348;375.0
2348;375.0
2348;375.0
2349;375.0
2349;375.0
2349;375.0
2350;375.0
2350;375.0
2350;375.0
2351;375.0
2351;375.0
2351;375.0
2352;375.0
2352;375.0
2352;375.0
2353;375.0
2353;375.0
2353;375.0
2354;375.0
2354;375.0
2354;375.0
2355;375.0
2355;375.0
2355;375.0
2356;375.0
2356;375.0
2356;375.0
2357;375.0
2357;375.0
2357;375.0
2358;375.0
2358;375.0
2358;375.0
2359;375.0
2359;375.0
2359;375.0
2360;375.0
2360;375.0
2360;375.0
2361;375.0
2361;375.0
2361;375.0
2362;375.0
2362;375.0
2362;375.0
2363;375.0
2363;375.0
2363;375.0
2364;375.0
2364;375.0
2364;375.0
2365;375.0
2365;375.0
2365;375.0
2366;375.0
2366;375.0
2366;375.0
2367;375.0
2367;375.0
2367;375.0
2368;375.0
2368;375.0
2368;375.0
2369;375.0
2369;375.0
2369;375.0
2370;375.0
2370;375.0
2370;375.0
2371;375.0
2371;375.0
2371;375.0
2372;375.0
2372;375.0
2372;375.0
2373;375.0
2373;375.0
2373;375.0
2374;375.0
2374;375.0
2374;375.0
2375;375.0
2375;375.0
2375;375.0
2376;375.0
2376;375.0
2376;375.0
2377;375.0
2377;375.0
2377;375.0
2378;375.0
2378;375.0
2378;375.0
2379;375.0
2379;375.0
2379;375.0
2380;375.0
2380;375.0
2380;375.0
2381;375.0
2381;375.0
2381;375.0
2382;375.0
2382;375.0
2382;375.0
2383;375.0
2383;375.0
2383;375.0
2384;375.0
2384;375.0
2384;375.0
2385;375.0
2385;375.0
2385;375.0
2386;375.0
2386;375.0
2386;375.0
2387;375.0
2387;375.0
2387;375.0
2388;375.0
2388;375.0
2388;375.0
2389;375.0
2389;375.0
2389;375.0
2390;375.0
2390;375.0
2390;375.0
2391;375.0
2391;375.0
2391;375.0
2392;375.0
2392;375.0
2392;375.0
2393;375.0
2393;375.0
2393;375.0
2394;375.0
2394;375.0
2394;375.0
2395;375.0
2395;375.0
2395;375.0
2396;375.0
2396;375.0
2396;375.0
2397;375.0
2397;375.0
2397;375.0
2398;375.0
2398;375.0
2398;375.0
2399;375.0
2399;375.0
2399;375.0
2400;375.0
2400;375.0
2400;375.0
2401;375.0
2401;375.0
2401;375.0
2402;375.0
2402;375.0
2402;375.0
2403;375.0
2403;375.0
2403;375.0
2404;375.0
2404;375.0
2404;375.0
2405;375.0
2405;375.0
2405;375.0
2406;375.0
2406;375.0
2406;375.0
2407;375.0
2407;375.0
2407;375.0
2408;375.0
2408;375.0
2408;375.0
2409;375.0
2409;375.0
2409;375.0
2410;375.0
2410;375.0
2410;375.0
2411;375.0
2411;375.0
2411;375.0
2412;375.0
2412;375.0
2412;375.0
2413;375.0
2413;375.0
2413;375.0
2414;375.0
2414;375.0
2414;375.0
2415;375.0
2415;375.0
2415;375.0
2416;375.0
2416;376.0
2416;376.0
2417;376.0
2417;376.0
2417;376.0
2418;376.0
2418;376.0
2418;376.0
2419;376.0
2419;376.0
2419;376.0
2420;376.0
2420;376.0
2420;376.0
2421;376.0
2421;376.0
2421;376.0
2422;376.0
2422;376.0
2422;376.0
2423;376.0
2423;376.0
2423;376.0
2424;376.0
2424;376.0
2424;376.0
2425;376.0
2425;376.0
2425;376.0
2426;376.0
2426;376.0
2426;376.0
2427;376.0
2427;376.0
2427;376.0
2428;376.0
2428;376.0
2428;376.0
2429;376.0
2429;376.0
2429;376.0
2430;376.0
2430;376.0
2430;376.0
2431;376.0
2431;376.0
2431;376.0
2432;376.0
2432;376.0
2432;376.0
2433;376.0
2433;376.0
2433;376.0
2434;376.0
2434;376.0
2434;376.0
2435;376.0
2435;376.0
2435;376.0
2436;376.0
2436;376.0
2436;376.0
2437;376.0
2437;376.0
2437;376.0
2438;376.0
2438;376.0
2438;376.0
2439;376.0
2439;376.0
2439;376.0
2440;376.0
2440;376.0
2440;376.0
2441;376.0
2441;376.0
2441;376.0
2442;376.0
2442;376.0
2442;376.0
2443;376.0
2443;376.0
2443;376.0
2444;376.0
2444;376.0
2444;376.0
2445;376.0
2445;376.0
2445;376.0
2446;376.0
2446;376.0
2446;376.0
2447;376.0
2447;376.0
2447;376.0
2448;376.0
2448;376.0
2448;376.0
2449;376.0
2449;376.0
2449;376.0
2450;376.0
2450;376.0
2450;376.0
2451;376.0
2451;376.0
2451;376.0
2452;376.0
2452;376.0
2452;376.0
2453;376.0
2453;376.0
2453;376.0
2454;376.0
2454;376.0
2454;376.0
2455;376.0
2455;376.0
2455;376.0
2456;376.0
2456;376.0
2456;376.0
2457;376.0
2457;376.0
2457;376.0
2458;376.0
2458;376.0
2458;376.0
2459;376.0
2459;376.0
2459;376.0
2460;376.0
2460;376.0
2460;376.0
2461;376.0
2461;376.0
2461;376.0
2462;376.0
2462;376.0
2462;376.0
2463;376.0
2463;376.0
2463;376.0
2464;376.0
2464;376.0
2464;376.0
2465;376.0
2465;376.0
2465;376.0
2466;376.0
2466;376.0
2466;376.0
2467;376.0
2467;376.0
2467;376.0
2468;376.0
2468;376.0
2468;376.0
2469;376.0
2469;376.0
2469;376.0
2470;376.0
2470;376.0
2470;376.0
2471;376.0
2471;376.0
2471;376.0
2472;376.0
2472;376.0
2472;376.0
2473;376.0
2473;376.0
2473;376.0
2474;376.0
2474;376.0
2474;376.0
2475;376.0
2475;376.0
2475;376.0
2476;376.0
2476;376.0
2476;376.0
2477;376.0
2477;376.0
2477;376.0
2478;376.0
2478;376.0
2478;376.0
2479;376.0
2479;376.0
2479;376.0
2480;376.0
2480;376.0
2480;376.0
2481;376.0
2481;376.0
2481;376.0
2482;376.0
2482;376.0
2482;377.0
2483;377.0
2483;377.0
2483;377.0
2484;377.0
2484;377.0
2484;377.0
2485;377.0
2485;377.0
2485;377.0
2486;377.0
2486;377.0
2486;377.0
2487;377.0
2487;377.0
2487;377.0
2488;377.0
2488;377.0
2488;377.0
2489;377.0
2489;377.0
2489;377.0
2490;377.0
2490;377.0
2490;377.0
2491;377.0
2491;377.0
2491;377.0
2492;377.0
2492;377.0
2492;377.0
2493;377.0
2493;377.0
2493;377.0
2494;377.0
2494;377.0
2494;377.0
2495;377.0
2495;377.0
2495;377.0
2496;377.0
2496;377.0
2496;377.0
2497;377.0
2497;377.0
2497;377.0
2498;377.0
2498;377.0
2498;377.0
2499;377.0
2499;377.0
2499;377.0
2500;377.0
2500;377.0
2500;377.0
2501;377.0
2501;377.0
2501;377.0
2502;377.0
2502;377.0
2502;377.0
2503;377.0
2503;377.0
2503;377.0
2504;377.0
2504;377.0
2504;377.0
2505;377.0
2505;377.0
2505;377.0
2506;377.0
2506;377.0
2506;377.0
2507;377.0
2507;377.0
2507;377.0
2508;377.0
2508;377.0
2508;377.0
2509;377.0
2509;377.0
2509;377.0
2510;377.0
2510;377.0
2510;377.0
2511;377.0
2511;377.0
2511;377.0
2512;377.0
2512;377.0
2512;377.0
2513;377.0
2513;377.0
2513;377.0
2514;377.0
2514;377.0
2514;377.0
2515;377.0
2515;377.0
2515;377.0
2516;377.0
2516;377.0
2516;377.0
2517;377.0
2517;377.0
2517;377.0
2518;377.0
2518;377.0
2518;377.0
2519;377.0
2519;377.0
2519;377.0
2520;377.0
2520;377.0
2520;377.0
2521;377.0
2521;377.0
2521;377.0
2522;377.0
2522;377.0
2522;378.0
2523;378.0
2523;378.0
2523;378.0
2524;378.0
2524;378.0
2524;378.0
2525;378.0
2525;378.0
2525;378.0
2526;378.0
2526;378.0
2526;378.0
2527;378.0
2527;378.0
2527;378.0
2528;378.0
2528;378.0
2528;378.0
2529;378.0
2529;378.0
2529;378.0
2530;378.0
2530;378.0
2530;378.0
2531;378.0
2531;378.0
2531;378.0
2532;378.0
2532;378.0
2532;378.0
2533;378.0
2533;378.0
2533;378.0
2534;378.0
2534;379.0
2534;379.0
2535;379.0
2535;379.0
2535;379.0
2536;379.0
2536;379.0
2536;379.0
2537;379.0
2537;379.0
2537;379.0
2538;379.0
2538;379.0
2538;379.0
2539;379.0
2539;379.0
2539;379.0
2540;379.0
2540;379.0
2540;379.0
2541;379.0
2541;379.0
2541;379.0
2542;379.0
2542;379.0
2542;379.0
2543;379.0
2543;379.0
2543;379.0
2544;379.0
2544;379.0
2544;379.0
2545;379.0
2545;379.0
2545;379.0
2546;379.0
2546;379.0
2546;379.0
2547;379.0
2547;379.0
2547;379.0
2548;379.0
2548;379.0
2548;379.0
2549;379.0
2549;379.0
2549;379.0
2550;379.0
2550;379.0
2550;379.0
2551;379.0
2551;379.0
2551;379.0
2552;379.0
2552;379.0
2552;379.0
2553;379.0
2553;379.0
2553;379.0
2554;379.0
2554;379.0
2554;379.0
2555;379.0
2555;379.0
2555;379.0
2556;379.0
2556;379.0
2556;379.0
2557;379.0
2557;379.0
2557;379.0
2558;379.0
2558;379.0
2558;379.0
2559;379.0
2559;379.0
2559;379.0
2560;379.0
2560;379.0
2560;379.0
2561;379.0
2561;379.0
2561;379.0
2562;379.0
2562;379.0
2562;379.0
2563;379.0
2563;379.0
2563;379.0
2564;379.0
2564;379.0
2564;379.0
2565;379.0
2565;379.0
2565;379.0
2566;379.0
2566;379.0
2566;379.0
2567;379.0
2567;379.0
2567;379.0
2568;379.0
2568;379.0
2568;379.0
2569;379.0
2569;380.0
2569;380.0
2570;380.0
2570;380.0
2570;380.0
2571;380.0
2571;380.0
2571;380.0
2572;380.0
2572;380.0
2572;380.0
2573;380.0
2573;380.0
2573;380.0
2574;380.0
2574;380.0
2574;380.0
2575;380.0
2575;380.0
2575;380.0
2576;380.0
2576;380.0
2576;380.0
2577;380.0
2577;380.0
2577;380.0
2578;380.0
2578;380.0
2578;380.0
2579;380.0
2579;380.0
2579;380.0
2580;380.0
2580;380.0
2580;380.0
2581;380.0
2581;380.0
2581;380.0
2582;380.0
2582;380.0
2582;380.0
2583;380.0
2583;380.0
2583;380.0
2584;380.0
2584;380.0
2584;380.0
2585;380.0
2585;380.0
2585;380.0
2586;380.0
2586;380.0
2586;380.0
2587;380.0
2587;380.0
2587;380.0
2588;380.0
2588;380.0
2588;380.0
2589;380.0
2589;380.0
2589;380.0
2590;380.0
2590;380.0
2590;380.0
2591;380.0
2591;380.0
2591;380.0
2592;380.0
2592;380.0
2592;380.0
2593;380.0
2593;380.0
2593;380.0
2594;380.0
2594;380.0
2594;380.0
2595;380.0
2595;380.0
2595;380.0
2596;380.0
2596;380.0
2596;380.0
2597;380.0
2597;380.0
2597;380.0
2598;380.0
2598;380.0
2598;380.0
2599;380.0
2599;380.0
2599;380.0
2600;380.0
2600;380.0
2600;380.0
2601;380.0
2601;380.0
2601;380.0
2602;380.0
2602;380.0
2602;380.0
2603;380.0
2603;380.0
2603;380.0
2604;380.0
2604;380.0
2604;380.0
2605;380.0
2605;380.0
2605;380.0
2606;380.0
2606;380.0
2606;380.0
2607;380.0
2607;380.0
2607;380.0
2608;380.0
2608;380.0
2608;380.0
2609;380.0
2609;380.0
2609;380.0
2610;380.0
2610;380.0
2610;380.0
2611;380.0
2611;380.0
2611;380.0
2612;380.0
2612;380.0
2612;380.0
2613;380.0
2613;380.0
2613;380.0
2614;380.0
2614;380.0
2614;380.0
2615;380.0
2615;380.0
2615;380.0
2616;380.0
2616;380.0
2616;380.0
2617;380.0
2617;380.0
2617;380.0
2618;380.0
2618;380.0
2618;380.0
2619;380.0
2619;380.0
2619;380.0
2620;380.0
2620;380.0
2620;380.0
2621;380.0
2621;380.0
2621;380.0
2622;380.0
2622;380.0
2622;380.0
2623;380.0
2623;380.0
2623;380.0
2624;380.0
2624;380.0
2624;380.0
2625;380.0
2625;380.0
2625;380.0
2626;380.0
2626;380.0
2626;380.0
2627;380.0
2627;380.0
2627;380.0
2628;380.0
2628;380.0
2628;380.0
2629;380.0
2629;380.0
2629;380.0
2630;380.0
2630;380.0
2630;380.0
2631;380.0
2631;380.0
2631;380.0
2632;380.0
2632;380.0
2632;380.0
2633;380.0
2633;380.0
2633;380.0
2634;380.0
2634;380.0
2634;380.0
2635;380.0
2635;380.0
2635;380.0
2636;380.0
2636;380.0
2636;380.0
2637;380.0
2637;380.0
2637;380.0
2638;380.0
2638;380.0
2638;380.0
2639;380.0
2639;380.0
2639;380.0
2640;380.0
2640;380.0
2640;380.0
2641;380.0
2641;380.0
2641;380.0
2642;380.0
2642;380.0
2642;380.0
2643;380.0
2643;380.0
2643;380.0
2644;380.0
2644;380.0
2644;380.0
2645;380.0
2645;380.0
2645;380.0
2646;380.0
2646;380.0
2646;380.0
2647;380.0
2647;380.0
2647;380.0
2648;380.0
2648;380.0
2648;380.0
2649;380.0
2649;380.0
2649;380.0
2650;380.0
2650;380.0
2650;380.0
2651;380.0
2651;380.0
2651;380.0
2652;380.0
2652;380.0
2652;380.0
2653;380.0
2653;380.0
2653;380.0
2654;380.0
2654;380.0
2654;380.0
2655;380.0
2655;380.0
2655;380.0
2656;380.0
2656;380.0
2656;380.0
2657;380.0
2657;380.0
2657;380.0
2658;380.0
2658;380.0
2658;380.0
2659;380.0
2659;380.0
2659;380.0
2660;380.0
2660;380.0
2660;380.0
2661;380.0
2661;380.0
2661;380.0
2662;380.0
2662;380.0
2662;380.0
2663;380.0
2663;380.0
2663;380.0
2664;380.0
2664;380.0
2664;380.0
2665;380.0
2665;380.0
2665;380.0
2666;380.0
2666;380.0
2666;380.0
2667;380.0
2667;380.0
2667;380.0
2668;380.0
2668;380.0
2668;380.0
2669;380.0
2669;380.0
2669;380.0
2670;380.0
2670;380.0
2670;380.0
2671;380.0
2671;380.0
2671;380.0
2672;380.0
2672;380.0
2672;380.0
2673;380.0
2673;380.0
2673;380.0
2674;380.0
2674;380.0
2674;380.0
2675;380.0
2675;380.0
2675;380.0
2676;380.0
2676;380.0
2676;380.0
2677;380.0
2677;380.0
2677;380.0
2678;380.0
2678;380.0
2678;380.0
2679;380.0
2679;380.0
2679;380.0
2680;380.0
2680;380.0
2680;380.0
2681;380.0
2681;380.0
2681;380.0
2682;380.0
2682;380.0
2682;380.0
2683;380.0
2683;380.0
2683;380.0
2684;380.0
2684;380.0
2684;380.0
2685;380.0
2685;380.0
2685;380.0
2686;380.0
2686;380.0
2686;380.0
2687;380.0
2687;380.0
2687;380.0
2688;380.0
2688;380.0
2688;380.0
2689;380.0
2689;380.0
2689;380.0
2690;380.0
2690;380.0
2690;380.0
2691;380.0
2691;380.0
2691;380.0
2692;380.0
2692;380.0
2692;380.0
2693;380.0
2693;380.0
2693;380.0
2694;380.0
2694;380.0
2694;380.0
2695;380.0
2695;380.0
2695;380.0
2696;380.0
2696;380.0
2696;380.0
2697;380.0
2697;380.0
2697;380.0
2698;380.0
2698;380.0
2698;380.0
2699;380.0
2699;380.0
2699;380.0
2700;380.0
2700;380.0
2700;380.0
2701;380.0
2701;380.0
2701;380.0
2702;380.0
2702;380.0
2702;380.0
2703;380.0
2703;380.0
2703;380.0
2704;380.0
2704;380.0
2704;380.0
2705;381.0
2705;381.0
2705;381.0
2706;381.0
2706;381.0
2706;381.0
2707;381.0
2707;381.0
2707;381.0
2708;381.0
2708;381.0
2708;381.0
2709;381.0
2709;381.0
2709;381.0
2710;381.0
2710;381.0
2710;381.0
2711;381.0
2711;381.0
2711;381.0
2712;381.0
2712;381.0
2712;381.0
2713;381.0
2713;381.0
2713;381.0
2714;381.0
2714;381.0
2714;381.0
2715;381.0
2715;381.0
2715;381.0
2716;381.0
2716;381.0
2716;381.0
2717;381.0
2717;381.0
2717;381.0
2718;381.0
2718;381.0
2718;381.0
2719;381.0
2719;381.0
2719;381.0
2720;381.0
2720;381.0
2720;381.0
2721;382.0
2721;382.0
2721;382.0
2722;382.0
2722;382.0
2722;382.0
2723;382.0
2723;382.0
2723;382.0
2724;382.0
2724;382.0
2724;382.0
2725;382.0
2725;382.0
2725;382.0
2726;382.0
2726;382.0
2726;382.0
2727;382.0
2727;382.0
2727;382.0
2728;382.0
2728;382.0
2728;382.0
2729;382.0
2729;382.0
2729;382.0
2730;382.0
2730;382.0
2730;382.0
2731;382.0
2731;382.0
2731;382.0
2732;382.0
2732;382.0
2732;382.0
2733;382.0
2733;382.0
2733;382.0
2734;382.0
2734;382.0
2734;382.0
2735;382.0
2735;382.0
2735;382.0
2736;382.0
2736;382.0
2736;382.0
2737;382.0
2737;382.0
2737;382.0
2738;382.0
2738;382.0
2738;382.0
2739;382.0
2739;382.0
2739;382.0
2740;382.0
2740;382.0
2740;382.0
2741;382.0
2741;382.0
2741;382.0
2742;382.0
2742;382.0
2742;382.0
2743;383.0
2743;383.0
2743;383.0
2744;383.0
2744;383.0
2744;383.0
2745;383.0
2745;383.0
2745;383.0
2746;383.0
2746;383.0
2746;383.0
2747;383.0
2747;383.0
2747;383.0
2748;383.0
2748;383.0
2748;383.0
2749;383.0
2749;383.0
2749;383.0
2750;383.0
2750;383.0
2750;383.0
2751;383.0
2751;383.0
2751;383.0
2752;383.0
2752;383.0
2752;384.0
2753;384.0
2753;384.0
2753;384.0
2754;384.0
2754;384.0
2754;384.0
2755;384.0
2755;384.0
2755;384.0
2756;384.0
2756;384.0
2756;384.0
2757;384.0
2757;384.0
2757;384.0
2758;384.0
2758;384.0
2758;384.0
2759;384.0
2759;384.0
2759;384.0
2760;384.0
2760;384.0
2760;384.0
2761;384.0
2761;384.0
2761;384.0
2762;384.0
2762;384.0
2762;384.0
2763;384.0
2763;384.0
2763;384.0
2764;384.0
2764;384.0
2764;384.0
2765;384.0
2765;384.0
2765;384.0
2766;384.0
2766;384.0
2766;384.0
2767;384.0
2767;384.0
2767;384.0
2768;384.0
2768;384.0
2768;384.0
2769;384.0
2769;384.0
2769;384.0
2770;384.0
2770;384.0
2770;384.0
2771;384.0
2771;384.0
2771;384.0
2772;384.0
2772;384.0
2772;384.0
2773;384.0
2773;385.0
2773;385.0
2774;385.0
2774;385.0
2774;385.0
2775;385.0
2775;385.0
2775;385.0
2776;385.0
2776;385.0
2776;385.0
2777;385.0
2777;385.0
2777;385.0
2778;385.0
2778;385.0
2778;385.0
2779;385.0
2779;385.0
2779;385.0
2780;385.0
2780;385.0
2780;385.0
2781;385.0
2781;385.0
2781;385.0
2782;385.0
2782;385.0
2782;385.0
2783;385.0
2783;385.0
2783;385.0
2784;385.0
2784;385.0
2784;385.0
2785;385.0
2785;385.0
2785;385.0
2786;385.0
2786;385.0
2786;385.0
2787;385.0
2787;385.0
2787;385.0
2788;385.0
2788;385.0
2788;385.0
2789;385.0
2789;385.0
2789;385.0
2790;385.0
2790;385.0
2790;385.0
2791;385.0
2791;385.0
2791;385.0
2792;385.0
2792;385.0
2792;385.0
2793;385.0
2793;385.0
2793;385.0
2794;385.0
2794;385.0
2794;385.0
2795;385.0
2795;385.0
2795;385.0
2796;385.0
2796;385.0
2796;385.0
2797;385.0
2797;385.0
2797;385.0
2798;385.0
2798;385.0
2798;385.0
2799;385.0
2799;385.0
2799;385.0
2800;385.0
2800;385.0
2800;385.0
2801;385.0
2801;385.0
2801;385.0
2802;385.0
2802;385.0
2802;385.0
2803;385.0
2803;385.0
2803;385.0
2804;385.0
2804;385.0
2804;385.0
2805;385.0
2805;385.0
2805;385.0
2806;385.0
2806;385.0
2806;385.0
2807;386.0
2807;386.0
2807;386.0
2808;386.0
2808;386.0
2808;386.0
2809;386.0
2809;386.0
2809;386.0
2810;386.0
2810;386.0
2810;386.0
2811;386.0
2811;386.0
2811;386.0
2812;386.0
2812;386.0
2812;386.0
2813;386.0
2813;386.0
2813;386.0
2814;386.0
2814;386.0
2814;386.0
2815;386.0
2815;386.0
2815;386.0
2816;386.0
2816;386.0
2816;386.0
2817;386.0
2817;386.0
2817;386.0
2818;386.0
2818;386.0
2818;386.0
2819;386.0
2819;386.0
2819;386.0
2820;386.0
2820;386.0
2820;386.0
2821;386.0
2821;386.0
2821;386.0
2822;386.0
2822;386.0
2822;386.0
2823;386.0
2823;386.0
2823;386.0
2824;386.0
2824;386.0
2824;386.0
2825;386.0
2825;386.0
2825;386.0
2826;386.0
2826;386.0
2826;386.0
2827;386.0
2827;386.0
2827;386.0
2828;386.0
2828;386.0
2828;386.0
2829;386.0
2829;386.0
2829;386.0
2830;386.0
2830;386.0
2830;386.0
2831;386.0
2831;386.0
2831;386.0
2832;386.0
2832;386.0
2832;386.0
2833;386.0
2833;386.0
2833;386.0
2834;386.0
2834;386.0
2834;386.0
2835;386.0
2835;386.0
2835;386.0
2836;386.0
2836;386.0
2836;386.0
2837;386.0
2837;386.0
2837;386.0
2838;386.0
2838;386.0
2838;386.0
2839;386.0
2839;386.0
2839;386.0
2840;386.0
2840;386.0
2840;386.0
2841;386.0
2841;386.0
2841;386.0
2842;386.0
2842;386.0
2842;386.0
2843;386.0
2843;386.0
2843;386.0
2844;386.0
2844;386.0
2844;386.0
2845;386.0
2845;386.0
2845;386.0
2846;386.0
2846;386.0
2846;386.0
2847;386.0
2847;386.0
2847;386.0
2848;386.0
2848;386.0
2848;386.0
2849;386.0
2849;386.0
2849;386.0
2850;386.0
2850;386.0
2850;386.0
2851;386.0
2851;386.0
2851;386.0
2852;386.0
2852;386.0
2852;386.0
2853;386.0
2853;386.0
2853;386.0
2854;386.0
2854;386.0
2854;386.0
2855;386.0
2855;386.0
2855;386.0
2856;386.0
2856;386.0
2856;386.0
2857;386.0
2857;386.0
2857;386.0
2858;386.0
2858;386.0
2858;386.0
2859;386.0
2859;386.0
2859;386.0
2860;386.0
2860;386.0
2860;386.0
2861;386.0
2861;386.0
2861;386.0
2862;386.0
2862;386.0
2862;386.0
2863;386.0
2863;386.0
2863;386.0
2864;386.0
2864;386.0
2864;386.0
2865;386.0
2865;386.0
2865;386.0
2866;386.0
2866;386.0
2866;386.0
2867;386.0
2867;386.0
2867;386.0
2868;386.0
2868;386.0
2868;386.0
2869;386.0
2869;386.0
2869;386.0
2870;386.0
2870;386.0
2870;386.0
2871;386.0
2871;386.0
2871;386.0
2872;386.0
2872;386.0
2872;386.0
2873;386.0
2873;386.0
2873;386.0
2874;386.0
2874;386.0
2874;386.0
2875;386.0
2875;386.0
2875;386.0
2876;386.0
2876;386.0
2876;386.0
2877;386.0
2877;386.0
2877;386.0
2878;386.0
2878;386.0
2878;386.0
2879;386.0
2879;386.0
2879;386.0
2880;386.0
2880;386.0
2880;386.0
2881;386.0
2881;386.0
2881;386.0
2882;386.0
2882;386.0
2882;386.0
2883;386.0
2883;386.0
2883;386.0
2884;386.0
2884;386.0
2884;386.0
2885;386.0
2885;386.0
2885;386.0
2886;386.0
2886;386.0
2886;386.0
2887;386.0
2887;386.0
2887;386.0
2888;386.0
2888;386.0
2888;386.0
2889;386.0
2889;386.0
2889;386.0
2890;386.0
2890;386.0
2890;386.0
2891;386.0
2891;386.0
2891;386.0
2892;386.0
2892;386.0
2892;386.0
2893;386.0
2893;386.0
2893;386.0
2894;386.0
2894;386.0
2894;386.0
2895;386.0
2895;386.0
2895;386.0
2896;386.0
2896;386.0
2896;386.0
2897;386.0
2897;386.0
2897;386.0
2898;386.0
2898;386.0
2898;386.0
2899;386.0
2899;386.0
2899;386.0
2900;386.0
2900;386.0
2900;386.0
2901;386.0
2901;386.0
2901;386.0
2902;386.0
2902;386.0
2902;386.0
2903;386.0
2903;386.0
2903;386.0
2904;386.0
2904;386.0
2904;386.0
