Year;blue Satisfaction;red Satisfaction;yellow Satisfaction;brown Satisfaction
0;0.0;0.0;0.0;0.0
5;0.0;0.0;0.0;0.0
10;0.0;0.0;0.0;0.0
15;0.0;1.0;0.0;0.0
20;0.0;1.0;0.0;1.0
25;0.0;1.0;0.0;1.0
30;0.0;1.0;0.0;1.0
35;0.0;1.0;0.0;1.0
40;1.0;1.0;0.0;1.0
45;1.0;2.0;0.0;2.0
50;1.0;2.0;0.0;2.0
55;1.0;3.0;0.0;2.0
60;1.0;3.0;0.0;3.0
65;1.0;3.0;0.0;3.0
70;1.0;3.0;1.0;3.0
75;1.0;3.0;1.0;3.0
80;1.0;3.0;1.0;3.0
85;1.0;4.0;2.0;3.0
90;1.0;4.0;2.0;4.0
95;1.0;4.0;2.0;4.0
100;1.0;4.0;2.0;4.0
105;1.0;4.0;2.0;4.0
110;1.0;4.0;3.0;4.0
115;1.0;4.0;3.0;4.0
120;1.0;4.0;3.0;5.0
125;2.0;4.0;4.0;5.0
130;2.0;4.0;4.0;5.0
135;2.0;4.0;4.0;6.0
140;2.0;4.0;4.0;6.0
145;2.0;5.0;4.0;6.0
150;3.0;5.0;5.0;6.0
155;3.0;5.0;5.0;6.0
160;3.0;5.0;6.0;6.0
165;3.0;5.0;6.0;6.0
170;3.0;5.0;6.0;6.0
175;3.0;5.0;6.0;7.0
180;3.0;6.0;7.0;7.0
185;4.0;6.0;7.0;7.0
190;4.0;6.0;7.0;8.0
195;4.0;6.0;7.0;8.0
200;4.0;6.0;7.0;8.0
205;4.0;6.0;7.0;8.0
210;5.0;6.0;8.0;8.0
215;5.0;6.0;8.0;8.0
220;5.0;6.0;8.0;8.0
225;6.0;6.0;8.0;8.0
230;6.0;6.0;8.0;9.0
235;6.0;7.0;8.0;9.0
240;7.0;7.0;8.0;9.0
245;7.0;7.0;8.0;9.0
250;7.0;7.0;8.0;9.0
255;7.0;7.0;9.0;9.0
260;7.0;7.0;9.0;9.0
265;7.0;7.0;10.0;10.0
270;7.0;7.0;10.0;10.0
275;7.0;7.0;10.0;10.0
280;7.0;8.0;10.0;10.0
285;8.0;8.0;10.0;10.0
290;8.0;8.0;11.0;10.0
295;8.0;8.0;11.0;10.0
300;9.0;8.0;11.0;10.0
305;9.0;8.0;11.0;11.0
310;9.0;8.0;11.0;11.0
315;9.0;9.0;12.0;11.0
320;9.0;9.0;12.0;11.0
325;9.0;9.0;12.0;12.0
330;10.0;9.0;12.0;12.0
335;10.0;10.0;12.0;12.0
340;10.0;10.0;12.0;12.0
345;11.0;11.0;12.0;12.0
350;11.0;11.0;13.0;13.0
355;12.0;11.0;13.0;13.0
360;12.0;11.0;13.0;13.0
365;12.0;12.0;13.0;13.0
370;12.0;12.0;13.0;13.0
375;12.0;12.0;13.0;13.0
380;12.0;12.0;13.0;13.0
385;12.0;12.0;14.0;14.0
390;12.0;12.0;14.0;14.0
395;12.0;12.0;14.0;13.0
400;12.0;12.0;15.0;13.0
405;13.0;12.0;15.0;13.0
410;13.0;12.0;15.0;14.0
415;13.0;13.0;16.0;14.0
420;13.0;13.0;16.0;14.0
425;13.0;13.0;16.0;14.0
430;13.0;13.0;16.0;14.0
435;13.0;13.0;16.0;14.0
440;13.0;13.0;16.0;14.0
445;13.0;13.0;16.0;14.0
450;13.0;14.0;16.0;15.0
455;13.0;14.0;17.0;15.0
460;13.0;14.0;18.0;15.0
465;13.0;14.0;18.0;15.0
470;14.0;14.0;18.0;15.0
475;14.0;14.0;18.0;16.0
480;14.0;14.0;18.0;16.0
485;14.0;14.0;18.0;16.0
490;14.0;14.0;18.0;16.0
495;14.0;14.0;19.0;16.0
500;15.0;14.0;19.0;16.0
505;15.0;15.0;19.0;16.0
510;15.0;15.0;19.0;16.0
515;15.0;15.0;19.0;16.0
520;15.0;15.0;19.0;16.0
525;15.0;16.0;19.0;16.0
530;15.0;16.0;20.0;16.0
535;15.0;16.0;20.0;16.0
540;15.0;16.0;20.0;16.0
545;15.0;16.0;20.0;16.0
550;15.0;16.0;20.0;16.0
555;15.0;17.0;20.0;16.0
560;15.0;17.0;20.0;16.0
565;16.0;17.0;20.0;16.0
570;16.0;17.0;21.0;16.0
575;16.0;17.0;21.0;16.0
580;16.0;17.0;20.0;16.0
585;16.0;17.0;21.0;16.0
590;16.0;17.0;21.0;16.0
595;17.0;18.0;21.0;16.0
600;17.0;18.0;21.0;17.0
605;17.0;18.0;22.0;17.0
610;17.0;18.0;22.0;17.0
615;17.0;18.0;22.0;16.0
620;17.0;18.0;22.0;17.0
625;17.0;19.0;22.0;17.0
630;17.0;19.0;22.0;17.0
635;17.0;19.0;22.0;17.0
640;18.0;19.0;22.0;18.0
645;18.0;20.0;22.0;18.0
650;18.0;20.0;22.0;18.0
655;18.0;20.0;22.0;18.0
660;18.0;20.0;22.0;18.0
665;18.0;20.0;23.0;18.0
670;19.0;20.0;23.0;18.0
675;19.0;20.0;24.0;19.0
680;19.0;20.0;24.0;19.0
685;19.0;21.0;24.0;19.0
690;19.0;21.0;24.0;19.0
695;19.0;21.0;25.0;19.0
700;19.0;21.0;25.0;20.0
705;19.0;21.0;25.0;20.0
710;19.0;21.0;25.0;20.0
715;19.0;21.0;25.0;20.0
720;19.0;21.0;25.0;20.0
725;19.0;21.0;25.0;20.0
730;20.0;21.0;25.0;20.0
735;20.0;22.0;25.0;21.0
740;20.0;22.0;25.0;21.0
745;20.0;22.0;25.0;21.0
750;20.0;23.0;25.0;21.0
755;20.0;23.0;25.0;21.0
760;21.0;23.0;25.0;21.0
765;21.0;24.0;26.0;21.0
770;21.0;24.0;27.0;21.0
775;21.0;24.0;26.0;21.0
780;21.0;24.0;27.0;21.0
785;21.0;24.0;26.0;22.0
790;21.0;24.0;26.0;22.0
795;22.0;24.0;26.0;22.0
800;22.0;24.0;26.0;22.0
805;22.0;24.0;26.0;22.0
810;22.0;24.0;26.0;23.0
815;22.0;24.0;27.0;23.0
820;22.0;24.0;27.0;23.0
825;22.0;25.0;28.0;23.0
830;22.0;25.0;28.0;23.0
835;22.0;26.0;28.0;24.0
840;22.0;26.0;28.0;24.0
845;22.0;26.0;28.0;24.0
850;22.0;26.0;28.0;24.0
855;22.0;26.0;28.0;24.0
860;22.0;26.0;28.0;24.0
865;22.0;26.0;28.0;24.0
870;23.0;26.0;28.0;24.0
875;23.0;26.0;28.0;24.0
880;23.0;26.0;28.0;24.0
885;23.0;26.0;28.0;24.0
890;23.0;26.0;28.0;24.0
895;23.0;26.0;28.0;25.0
900;23.0;27.0;28.0;25.0
905;24.0;27.0;28.0;25.0
910;24.0;28.0;28.0;25.0
915;24.0;28.0;29.0;25.0
920;24.0;28.0;29.0;25.0
925;24.0;28.0;29.0;25.0
930;24.0;28.0;29.0;25.0
935;24.0;28.0;29.0;26.0
940;24.0;29.0;29.0;26.0
945;24.0;29.0;29.0;26.0
950;24.0;29.0;29.0;26.0
955;24.0;30.0;29.0;26.0
960;25.0;30.0;29.0;26.0
965;25.0;30.0;29.0;26.0
970;25.0;30.0;29.0;26.0
975;25.0;30.0;30.0;27.0
980;25.0;30.0;30.0;27.0
985;25.0;30.0;30.0;27.0
990;25.0;30.0;30.0;27.0
995;25.0;31.0;30.0;27.0
1000;25.0;31.0;30.0;27.0
1005;25.0;31.0;30.0;27.0
1010;25.0;31.0;30.0;28.0
1015;25.0;31.0;30.0;28.0
1020;25.0;32.0;30.0;28.0
1025;25.0;32.0;30.0;28.0
1030;26.0;32.0;31.0;28.0
1035;26.0;32.0;31.0;28.0
1040;26.0;32.0;31.0;29.0
1045;26.0;32.0;31.0;29.0
1050;26.0;32.0;31.0;29.0
1055;26.0;32.0;31.0;29.0
1060;27.0;32.0;31.0;29.0
1065;27.0;32.0;31.0;29.0
1070;27.0;32.0;31.0;29.0
1075;27.0;33.0;31.0;29.0
1080;27.0;33.0;31.0;29.0
1085;27.0;33.0;31.0;29.0
1090;27.0;33.0;31.0;30.0
1095;27.0;33.0;32.0;30.0
1100;27.0;33.0;32.0;30.0
1105;27.0;33.0;33.0;30.0
1110;27.0;33.0;33.0;30.0
1115;27.0;33.0;33.0;30.0
1120;27.0;33.0;33.0;30.0
1125;28.0;34.0;33.0;30.0
1130;28.0;34.0;34.0;31.0
1135;28.0;34.0;34.0;31.0
1140;28.0;34.0;34.0;31.0
1145;28.0;34.0;35.0;31.0
1150;28.0;35.0;35.0;31.0
1155;28.0;35.0;36.0;31.0
1160;28.0;35.0;36.0;31.0
1165;28.0;35.0;36.0;31.0
1170;28.0;35.0;36.0;31.0
1175;28.0;34.0;35.0;31.0
1180;28.0;34.0;36.0;31.0
1185;28.0;34.0;36.0;31.0
1190;28.0;35.0;36.0;31.0
1195;29.0;35.0;36.0;31.0
1200;28.0;35.0;36.0;31.0
1205;29.0;36.0;37.0;31.0
1210;29.0;36.0;37.0;31.0
1215;29.0;36.0;37.0;31.0
1220;29.0;36.0;37.0;31.0
1225;29.0;36.0;37.0;32.0
1230;29.0;36.0;37.0;32.0
1235;29.0;36.0;37.0;32.0
1240;29.0;36.0;38.0;32.0
1245;29.0;36.0;38.0;32.0
1250;29.0;36.0;38.0;32.0
1255;29.0;37.0;38.0;32.0
1260;30.0;37.0;38.0;32.0
1265;29.0;37.0;38.0;32.0
1270;29.0;37.0;38.0;32.0
1275;30.0;37.0;39.0;32.0
1280;30.0;37.0;38.0;32.0
1285;30.0;38.0;38.0;32.0
1290;30.0;38.0;39.0;32.0
1295;30.0;38.0;39.0;32.0
1300;30.0;39.0;39.0;32.0
1305;30.0;39.0;39.0;32.0
1310;30.0;39.0;39.0;32.0
1315;30.0;39.0;39.0;33.0
1320;30.0;39.0;39.0;33.0
1325;30.0;39.0;39.0;33.0
1330;31.0;39.0;39.0;33.0
1335;31.0;39.0;39.0;33.0
1340;31.0;39.0;39.0;34.0
1345;31.0;39.0;39.0;34.0
1350;30.0;39.0;39.0;34.0
1355;30.0;39.0;39.0;34.0
1360;30.0;39.0;39.0;35.0
1365;30.0;39.0;39.0;35.0
1370;30.0;39.0;39.0;35.0
1375;30.0;39.0;39.0;35.0
1380;30.0;39.0;40.0;35.0
1385;30.0;39.0;40.0;35.0
1390;30.0;39.0;40.0;35.0
1395;30.0;39.0;40.0;36.0
1400;30.0;40.0;40.0;36.0
1405;30.0;40.0;40.0;36.0
1410;30.0;40.0;40.0;36.0
1415;31.0;40.0;40.0;36.0
1420;30.0;40.0;40.0;36.0
1425;30.0;40.0;40.0;36.0
1430;31.0;41.0;40.0;36.0
1435;31.0;41.0;40.0;36.0
1440;32.0;41.0;40.0;36.0
1445;32.0;41.0;40.0;36.0
1450;31.0;41.0;40.0;36.0
1455;32.0;41.0;40.0;36.0
1460;32.0;41.0;40.0;36.0
1465;32.0;41.0;40.0;36.0
1470;33.0;41.0;40.0;36.0
1475;33.0;41.0;40.0;36.0
1480;33.0;41.0;40.0;36.0
1485;33.0;41.0;40.0;36.0
1490;33.0;42.0;40.0;36.0
1495;33.0;42.0;40.0;37.0
1500;33.0;42.0;40.0;37.0
1505;33.0;42.0;40.0;37.0
1510;33.0;42.0;40.0;37.0
1515;34.0;42.0;40.0;37.0
1520;34.0;42.0;40.0;38.0
1525;34.0;42.0;40.0;38.0
1530;34.0;42.0;40.0;38.0
1535;34.0;42.0;40.0;38.0
1540;35.0;42.0;40.0;38.0
1545;35.0;42.0;40.0;38.0
1550;35.0;42.0;40.0;38.0
1555;35.0;42.0;40.0;38.0
1560;35.0;42.0;40.0;38.0
1565;35.0;42.0;40.0;39.0
1570;35.0;42.0;41.0;39.0
1575;35.0;43.0;41.0;39.0
1580;35.0;43.0;41.0;39.0
1585;35.0;43.0;41.0;39.0
1590;35.0;43.0;41.0;39.0
1595;35.0;43.0;42.0;39.0
1600;35.0;43.0;42.0;39.0
1605;35.0;43.0;42.0;39.0
1610;35.0;43.0;42.0;39.0
1615;35.0;43.0;42.0;39.0
1620;35.0;43.0;42.0;39.0
1625;36.0;43.0;42.0;39.0
1630;36.0;43.0;42.0;39.0
1635;36.0;43.0;43.0;39.0
1640;36.0;43.0;43.0;39.0
1645;36.0;43.0;42.0;40.0
1650;36.0;43.0;43.0;40.0
1655;36.0;43.0;43.0;40.0
1660;36.0;43.0;43.0;40.0
1665;37.0;43.0;43.0;40.0
1670;36.0;43.0;43.0;40.0
1675;36.0;43.0;44.0;40.0
1680;36.0;43.0;44.0;40.0
1685;36.0;43.0;44.0;40.0
1690;37.0;44.0;44.0;40.0
1695;37.0;44.0;45.0;40.0
1700;37.0;44.0;45.0;40.0
1705;37.0;44.0;45.0;40.0
1710;38.0;44.0;45.0;40.0
1715;38.0;44.0;45.0;40.0
1720;38.0;44.0;45.0;40.0
1725;38.0;44.0;45.0;40.0
1730;38.0;44.0;45.0;41.0
1735;38.0;44.0;45.0;41.0
1740;38.0;44.0;46.0;41.0
1745;38.0;44.0;46.0;41.0
1750;39.0;44.0;45.0;41.0
1755;40.0;44.0;45.0;41.0
1760;40.0;45.0;45.0;41.0
1765;40.0;45.0;45.0;41.0
1770;40.0;45.0;45.0;41.0
1775;40.0;45.0;45.0;41.0
1780;40.0;45.0;45.0;41.0
1785;40.0;44.0;45.0;41.0
1790;40.0;44.0;45.0;40.0
1795;40.0;44.0;45.0;40.0
1800;40.0;45.0;45.0;40.0
1805;40.0;45.0;45.0;40.0
1810;40.0;45.0;45.0;40.0
1815;41.0;45.0;45.0;41.0
1820;41.0;45.0;45.0;41.0
1825;41.0;45.0;45.0;41.0
1830;42.0;45.0;45.0;41.0
1835;42.0;46.0;45.0;42.0
1840;43.0;46.0;45.0;42.0
1845;43.0;46.0;45.0;42.0
1850;43.0;46.0;45.0;42.0
1855;43.0;46.0;45.0;42.0
1860;43.0;46.0;45.0;42.0
1865;43.0;46.0;45.0;42.0
1870;43.0;46.0;45.0;42.0
1875;44.0;46.0;45.0;42.0
1880;44.0;47.0;45.0;42.0
1885;44.0;46.0;46.0;42.0
1890;44.0;46.0;46.0;42.0
1895;44.0;46.0;46.0;43.0
1900;44.0;46.0;46.0;43.0
1905;44.0;46.0;46.0;43.0
1910;44.0;46.0;46.0;43.0
1915;45.0;46.0;46.0;43.0
1920;45.0;46.0;46.0;43.0
1925;45.0;46.0;46.0;43.0
1930;45.0;46.0;46.0;43.0
1935;45.0;47.0;46.0;43.0
1940;45.0;47.0;46.0;43.0
1945;45.0;47.0;47.0;43.0
1950;45.0;47.0;47.0;43.0
1955;45.0;47.0;47.0;44.0
1960;45.0;47.0;47.0;44.0
1965;45.0;47.0;47.0;44.0
1970;45.0;47.0;47.0;44.0
1975;45.0;47.0;48.0;44.0
1980;45.0;47.0;48.0;44.0
1985;45.0;47.0;48.0;44.0
1990;45.0;47.0;48.0;44.0
1995;46.0;47.0;48.0;44.0
2000;45.0;47.0;48.0;44.0
2005;45.0;47.0;48.0;44.0
2010;46.0;47.0;48.0;44.0
2015;46.0;47.0;48.0;44.0
2020;46.0;47.0;48.0;44.0
2025;46.0;47.0;49.0;44.0
2030;46.0;47.0;49.0;44.0
2035;45.0;47.0;49.0;44.0
2040;45.0;47.0;49.0;44.0
2045;45.0;47.0;49.0;44.0
2050;45.0;47.0;49.0;44.0
2055;45.0;47.0;49.0;44.0
2060;46.0;47.0;50.0;44.0
2065;47.0;47.0;50.0;44.0
2070;47.0;47.0;49.0;44.0
2075;47.0;47.0;49.0;44.0
2080;48.0;47.0;50.0;44.0
2085;48.0;48.0;50.0;44.0
2090;48.0;48.0;50.0;44.0
2095;48.0;48.0;50.0;45.0
2100;48.0;48.0;50.0;45.0
2105;48.0;48.0;50.0;45.0
2110;48.0;48.0;50.0;45.0
2115;48.0;48.0;51.0;45.0
2120;48.0;48.0;51.0;45.0
2125;48.0;48.0;50.0;45.0
2130;48.0;48.0;50.0;45.0
2135;48.0;48.0;50.0;45.0
2140;48.0;48.0;50.0;45.0
2145;48.0;48.0;50.0;45.0
2150;49.0;48.0;50.0;45.0
2155;49.0;49.0;50.0;45.0
2160;49.0;49.0;50.0;44.0
2165;49.0;50.0;50.0;44.0
2170;49.0;50.0;50.0;45.0
2175;49.0;50.0;50.0;45.0
2180;49.0;50.0;51.0;45.0
2185;50.0;50.0;50.0;45.0
2190;50.0;50.0;51.0;45.0
2195;50.0;50.0;51.0;45.0
2200;50.0;50.0;51.0;45.0
2205;50.0;50.0;51.0;45.0
2210;50.0;50.0;51.0;45.0
2215;50.0;50.0;51.0;46.0
2220;50.0;50.0;51.0;46.0
2225;50.0;51.0;51.0;46.0
2230;50.0;51.0;50.0;46.0
2235;51.0;51.0;51.0;47.0
2240;51.0;51.0;51.0;46.0
2245;51.0;51.0;51.0;47.0
2250;51.0;51.0;51.0;47.0
2255;51.0;52.0;51.0;47.0
2260;52.0;52.0;51.0;47.0
2265;52.0;52.0;51.0;47.0
2270;52.0;52.0;51.0;47.0
2275;52.0;52.0;51.0;47.0
2280;52.0;52.0;52.0;47.0
2285;52.0;52.0;52.0;47.0
2290;52.0;52.0;52.0;47.0
2295;52.0;52.0;52.0;47.0
2300;52.0;53.0;52.0;47.0
2305;52.0;53.0;52.0;47.0
2310;52.0;53.0;52.0;47.0
2315;52.0;53.0;51.0;47.0
2320;53.0;53.0;52.0;47.0
2325;53.0;53.0;52.0;47.0
2330;53.0;53.0;52.0;48.0
2335;53.0;53.0;52.0;48.0
2340;53.0;53.0;52.0;48.0
2345;53.0;53.0;52.0;48.0
2350;53.0;52.0;52.0;48.0
2355;53.0;52.0;52.0;48.0
2360;53.0;52.0;52.0;48.0
2365;53.0;53.0;52.0;48.0
2370;53.0;53.0;52.0;48.0
2375;54.0;53.0;52.0;48.0
2380;54.0;53.0;52.0;49.0
2385;54.0;53.0;53.0;49.0
2390;54.0;53.0;53.0;49.0
2395;54.0;53.0;53.0;49.0
2400;54.0;53.0;53.0;49.0
2405;54.0;53.0;53.0;49.0
2410;54.0;53.0;52.0;49.0
2415;54.0;53.0;52.0;49.0
2420;54.0;53.0;52.0;50.0
2425;54.0;53.0;52.0;50.0
2430;54.0;54.0;53.0;50.0
2435;54.0;54.0;53.0;50.0
2440;54.0;54.0;53.0;50.0
2445;54.0;54.0;53.0;50.0
2450;55.0;54.0;54.0;50.0
2455;55.0;54.0;54.0;50.0
2460;55.0;54.0;54.0;50.0
2465;55.0;54.0;54.0;50.0
2470;55.0;54.0;54.0;50.0
2475;55.0;54.0;54.0;50.0
2480;55.0;54.0;54.0;51.0
2485;55.0;54.0;54.0;50.0
2490;55.0;54.0;54.0;50.0
2495;55.0;54.0;53.0;51.0
2500;55.0;54.0;54.0;51.0
2505;55.0;54.0;54.0;51.0
2510;55.0;54.0;54.0;51.0
2515;56.0;54.0;54.0;51.0
2520;56.0;53.0;54.0;51.0
2525;56.0;54.0;54.0;52.0
2530;56.0;54.0;54.0;51.0
2535;56.0;54.0;55.0;51.0
2540;56.0;54.0;55.0;51.0
2545;56.0;54.0;55.0;51.0
2550;55.0;54.0;55.0;51.0
2555;56.0;54.0;55.0;52.0
2560;56.0;54.0;55.0;52.0
2565;56.0;54.0;56.0;52.0
2570;56.0;54.0;56.0;52.0
2575;56.0;54.0;56.0;52.0
2580;56.0;54.0;56.0;52.0
2585;56.0;55.0;56.0;52.0
2590;56.0;55.0;56.0;52.0
2595;56.0;55.0;56.0;52.0
2600;56.0;55.0;57.0;52.0
2605;56.0;55.0;57.0;52.0
2610;57.0;55.0;57.0;52.0
2615;57.0;55.0;57.0;52.0
2620;57.0;55.0;58.0;52.0
2625;57.0;55.0;58.0;52.0
2630;57.0;55.0;58.0;52.0
2635;57.0;55.0;58.0;52.0
2640;57.0;55.0;58.0;52.0
2645;57.0;55.0;58.0;52.0
2650;57.0;55.0;58.0;52.0
2655;56.0;55.0;58.0;52.0
2660;56.0;55.0;58.0;52.0
2665;56.0;54.0;58.0;52.0
2670;56.0;55.0;57.0;52.0
2675;56.0;55.0;57.0;52.0
2680;56.0;56.0;58.0;52.0
2685;56.0;56.0;58.0;52.0
2690;56.0;56.0;58.0;53.0
2695;57.0;56.0;57.0;53.0
2700;57.0;56.0;57.0;53.0
2705;57.0;56.0;57.0;53.0
2710;57.0;56.0;57.0;53.0
2715;57.0;56.0;57.0;53.0
2720;57.0;56.0;57.0;53.0
2725;57.0;56.0;58.0;53.0
2730;58.0;56.0;57.0;53.0
2735;58.0;56.0;57.0;54.0
2740;58.0;56.0;57.0;54.0
2745;58.0;56.0;57.0;54.0
2750;58.0;56.0;57.0;54.0
2755;58.0;56.0;57.0;54.0
2760;58.0;56.0;57.0;54.0
2765;58.0;57.0;57.0;54.0
2770;58.0;57.0;57.0;54.0
2775;58.0;57.0;57.0;54.0
2780;59.0;57.0;57.0;54.0
2785;59.0;57.0;57.0;54.0
2790;59.0;57.0;57.0;54.0
2795;58.0;57.0;57.0;54.0
2800;58.0;57.0;58.0;54.0
2805;58.0;57.0;58.0;54.0
2810;58.0;57.0;58.0;53.0
2815;59.0;57.0;58.0;54.0
2820;59.0;57.0;58.0;54.0
2825;59.0;57.0;58.0;54.0
2830;59.0;57.0;58.0;54.0
2835;59.0;58.0;58.0;54.0
2840;60.0;58.0;58.0;54.0
2845;60.0;58.0;58.0;54.0
2850;60.0;58.0;58.0;54.0
2855;60.0;58.0;58.0;54.0
2860;60.0;58.0;58.0;54.0
2865;60.0;58.0;59.0;54.0
2870;60.0;58.0;59.0;54.0
2875;60.0;59.0;59.0;54.0
2880;60.0;59.0;59.0;54.0
2885;60.0;59.0;59.0;54.0
2890;60.0;59.0;59.0;55.0
2895;60.0;59.0;59.0;55.0
2900;60.0;59.0;59.0;55.0
2905;60.0;59.0;60.0;55.0
2910;60.0;59.0;60.0;55.0
2915;60.0;59.0;60.0;55.0
2920;60.0;59.0;60.0;55.0
2925;60.0;59.0;60.0;55.0
2930;59.0;59.0;60.0;56.0
2935;60.0;59.0;60.0;55.0
2940;60.0;59.0;60.0;56.0
2945;60.0;59.0;60.0;56.0
2950;60.0;59.0;60.0;55.0
2955;60.0;59.0;60.0;55.0
2960;60.0;59.0;60.0;55.0
2965;60.0;59.0;60.0;55.0
2970;60.0;59.0;60.0;55.0
2975;60.0;59.0;60.0;55.0
2980;60.0;59.0;60.0;55.0
2985;60.0;59.0;61.0;55.0
2990;60.0;59.0;61.0;56.0
2995;60.0;60.0;61.0;56.0
3000;61.0;60.0;61.0;56.0
3005;61.0;60.0;61.0;55.0
3010;61.0;60.0;61.0;55.0
3015;61.0;61.0;62.0;55.0
3020;61.0;61.0;62.0;55.0
3025;61.0;61.0;62.0;55.0
3030;61.0;61.0;62.0;56.0
3035;61.0;61.0;62.0;56.0
3040;61.0;61.0;62.0;56.0
3045;61.0;61.0;62.0;55.0
3050;61.0;61.0;62.0;56.0
3055;61.0;61.0;62.0;56.0
3060;61.0;61.0;62.0;56.0
3065;61.0;62.0;62.0;56.0
3070;61.0;62.0;62.0;56.0
3075;61.0;62.0;62.0;56.0
3080;61.0;62.0;62.0;56.0
3085;61.0;62.0;62.0;55.0
3090;61.0;62.0;62.0;55.0
3095;62.0;62.0;62.0;55.0
3100;62.0;62.0;62.0;55.0
3105;62.0;62.0;62.0;55.0
3110;62.0;62.0;62.0;55.0
3115;62.0;62.0;62.0;55.0
3120;62.0;62.0;62.0;55.0
3125;62.0;62.0;62.0;55.0
3130;62.0;62.0;62.0;55.0
3135;62.0;62.0;62.0;55.0
3140;62.0;62.0;62.0;56.0
3145;63.0;62.0;63.0;56.0
3150;63.0;62.0;63.0;56.0
3155;63.0;62.0;63.0;56.0
3160;63.0;62.0;63.0;56.0
3165;63.0;63.0;63.0;56.0
3170;63.0;63.0;63.0;56.0
3175;63.0;63.0;63.0;56.0
3180;63.0;63.0;63.0;56.0
3185;63.0;63.0;63.0;56.0
3190;63.0;63.0;63.0;56.0
3195;63.0;63.0;63.0;56.0
3200;63.0;63.0;63.0;56.0
3205;63.0;63.0;63.0;56.0
3210;63.0;64.0;63.0;56.0
3215;63.0;64.0;63.0;56.0
3220;63.0;64.0;64.0;56.0
3225;63.0;64.0;64.0;56.0
3230;63.0;64.0;64.0;56.0
3235;63.0;64.0;64.0;56.0
3240;63.0;65.0;64.0;56.0
3245;63.0;64.0;64.0;56.0
3250;64.0;65.0;64.0;56.0
3255;64.0;65.0;64.0;56.0
3260;64.0;65.0;64.0;56.0
3265;64.0;65.0;64.0;56.0
3270;64.0;65.0;64.0;56.0
3275;64.0;66.0;64.0;56.0
3280;64.0;65.0;64.0;56.0
3285;64.0;65.0;64.0;57.0
3290;64.0;65.0;64.0;57.0
3295;64.0;65.0;64.0;57.0
3300;65.0;65.0;64.0;57.0
3305;65.0;65.0;64.0;57.0
3310;65.0;66.0;64.0;57.0
3315;65.0;66.0;64.0;57.0
3320;65.0;66.0;64.0;57.0
3325;65.0;66.0;64.0;57.0
3330;65.0;66.0;64.0;58.0
3335;65.0;66.0;64.0;58.0
3340;65.0;66.0;64.0;58.0
3345;65.0;66.0;65.0;58.0
3350;65.0;66.0;65.0;58.0
3355;65.0;66.0;65.0;58.0
3360;65.0;66.0;65.0;58.0
3365;65.0;66.0;65.0;58.0
3370;66.0;66.0;65.0;58.0
3375;66.0;66.0;65.0;58.0
3380;66.0;66.0;65.0;58.0
3385;66.0;66.0;65.0;58.0
3390;66.0;66.0;65.0;58.0
3395;66.0;66.0;66.0;58.0
3400;66.0;66.0;66.0;58.0
3405;66.0;66.0;66.0;59.0
3410;66.0;66.0;66.0;59.0
3415;66.0;66.0;66.0;59.0
3420;66.0;66.0;66.0;59.0
3425;66.0;66.0;66.0;59.0
3430;66.0;66.0;66.0;59.0
3435;66.0;67.0;67.0;59.0
3440;66.0;67.0;67.0;59.0
3445;66.0;67.0;67.0;59.0
3450;65.0;66.0;67.0;59.0
3455;65.0;66.0;67.0;59.0
3460;65.0;66.0;67.0;59.0
3465;65.0;66.0;67.0;59.0
3470;65.0;66.0;67.0;59.0
3475;66.0;66.0;67.0;59.0
3480;66.0;66.0;67.0;59.0
3485;66.0;66.0;67.0;59.0
3490;66.0;66.0;67.0;59.0
3495;66.0;66.0;67.0;59.0
3500;66.0;67.0;67.0;59.0
3505;66.0;67.0;67.0;59.0
3510;66.0;67.0;67.0;59.0
3515;66.0;67.0;67.0;59.0
3520;66.0;67.0;67.0;59.0
3525;66.0;67.0;67.0;60.0
3530;66.0;67.0;67.0;60.0
3535;66.0;67.0;67.0;60.0
3540;66.0;67.0;67.0;60.0
3545;66.0;67.0;67.0;60.0
3550;67.0;68.0;67.0;60.0
3555;67.0;68.0;67.0;60.0
3560;67.0;68.0;67.0;60.0
3565;67.0;68.0;67.0;60.0
3570;67.0;68.0;67.0;60.0
3575;67.0;68.0;67.0;60.0
3580;66.0;68.0;67.0;60.0
3585;66.0;68.0;67.0;60.0
3590;66.0;67.0;67.0;60.0
3595;66.0;67.0;68.0;60.0
3600;66.0;67.0;68.0;60.0
3605;66.0;67.0;67.0;60.0
3610;66.0;67.0;67.0;61.0
3615;66.0;67.0;67.0;61.0
3620;66.0;67.0;67.0;61.0
3625;66.0;67.0;67.0;61.0
3630;66.0;67.0;67.0;61.0
3635;66.0;67.0;67.0;61.0
3640;66.0;67.0;67.0;61.0
3645;66.0;67.0;68.0;61.0
3650;67.0;67.0;68.0;61.0
3655;67.0;67.0;68.0;61.0
3660;67.0;67.0;68.0;61.0
3665;67.0;67.0;68.0;62.0
3670;66.0;67.0;68.0;62.0
3675;66.0;67.0;68.0;62.0
3680;66.0;67.0;68.0;62.0
3685;66.0;67.0;68.0;62.0
3690;67.0;67.0;68.0;62.0
3695;67.0;67.0;68.0;62.0
3700;67.0;67.0;68.0;62.0
3705;68.0;67.0;69.0;62.0
3710;68.0;67.0;69.0;62.0
3715;68.0;67.0;69.0;62.0
3720;68.0;67.0;69.0;63.0
3725;67.0;67.0;69.0;63.0
3730;67.0;67.0;70.0;63.0
3735;67.0;67.0;70.0;63.0
3740;68.0;68.0;70.0;63.0
3745;68.0;68.0;70.0;63.0
3750;67.0;68.0;70.0;63.0
3755;67.0;68.0;70.0;63.0
3760;67.0;68.0;70.0;63.0
3765;68.0;69.0;70.0;63.0
3770;68.0;69.0;70.0;63.0
3775;68.0;69.0;70.0;63.0
3780;68.0;69.0;70.0;63.0
3785;68.0;69.0;70.0;63.0
3790;68.0;69.0;70.0;63.0
3795;68.0;69.0;70.0;63.0
3800;68.0;69.0;70.0;63.0
3805;68.0;69.0;70.0;63.0
3810;68.0;69.0;70.0;63.0
3815;69.0;69.0;70.0;63.0
3820;69.0;69.0;70.0;63.0
3825;69.0;69.0;70.0;63.0
3830;69.0;69.0;70.0;63.0
3835;69.0;69.0;70.0;63.0
3840;69.0;69.0;70.0;62.0
3845;69.0;69.0;70.0;63.0
3850;69.0;69.0;70.0;63.0
3855;69.0;69.0;70.0;63.0
3860;69.0;69.0;70.0;63.0
3865;69.0;69.0;70.0;63.0
3870;69.0;69.0;70.0;63.0
3875;69.0;69.0;70.0;64.0
3880;69.0;69.0;69.0;64.0
3885;69.0;69.0;69.0;64.0
3890;69.0;69.0;69.0;64.0
3895;69.0;69.0;69.0;64.0
3900;69.0;70.0;69.0;64.0
3905;69.0;70.0;69.0;64.0
3910;69.0;70.0;70.0;64.0
3915;69.0;70.0;70.0;64.0
3920;69.0;70.0;70.0;64.0
3925;69.0;70.0;70.0;64.0
3930;69.0;70.0;70.0;65.0
3935;69.0;70.0;70.0;65.0
3940;69.0;70.0;70.0;65.0
3945;69.0;71.0;70.0;65.0
3950;69.0;71.0;70.0;65.0
3955;70.0;71.0;70.0;65.0
3960;70.0;71.0;70.0;65.0
3965;70.0;71.0;70.0;65.0
3970;70.0;72.0;70.0;65.0
3975;71.0;72.0;70.0;65.0
3980;71.0;72.0;70.0;65.0
3985;71.0;72.0;70.0;65.0
3990;71.0;72.0;70.0;65.0
3995;71.0;72.0;69.0;65.0
4000;71.0;72.0;69.0;65.0
4005;71.0;72.0;69.0;66.0
4010;71.0;72.0;69.0;66.0
4015;71.0;72.0;69.0;66.0
4020;71.0;72.0;69.0;66.0
4025;71.0;72.0;69.0;66.0
4030;72.0;72.0;69.0;66.0
4035;72.0;72.0;69.0;66.0
4040;72.0;72.0;69.0;66.0
4045;72.0;72.0;69.0;66.0
4050;72.0;72.0;69.0;66.0
4055;72.0;72.0;69.0;66.0
4060;72.0;72.0;69.0;67.0
4065;72.0;72.0;69.0;66.0
4070;72.0;72.0;69.0;66.0
4075;72.0;72.0;69.0;66.0
4080;72.0;72.0;69.0;66.0
4085;72.0;72.0;69.0;66.0
4090;72.0;72.0;69.0;66.0
4095;72.0;72.0;69.0;66.0
4100;72.0;72.0;69.0;66.0
4105;72.0;72.0;69.0;66.0
4110;71.0;72.0;69.0;66.0
4115;71.0;72.0;69.0;66.0
4120;71.0;72.0;69.0;66.0
4125;72.0;72.0;69.0;66.0
4130;72.0;72.0;69.0;66.0
4135;72.0;72.0;69.0;66.0
4140;72.0;72.0;69.0;66.0
4145;72.0;72.0;69.0;66.0
4150;72.0;72.0;69.0;67.0
4155;72.0;72.0;69.0;67.0
4160;72.0;72.0;69.0;67.0
4165;72.0;72.0;69.0;67.0
4170;72.0;72.0;69.0;67.0
4175;72.0;72.0;69.0;67.0
4180;72.0;72.0;69.0;67.0
4185;72.0;73.0;69.0;67.0
4190;72.0;73.0;69.0;67.0
4195;72.0;73.0;69.0;67.0
4200;72.0;73.0;69.0;67.0
4205;72.0;73.0;69.0;67.0
4210;72.0;72.0;69.0;67.0
4215;72.0;72.0;69.0;67.0
4220;72.0;72.0;69.0;67.0
4225;72.0;72.0;69.0;67.0
4230;72.0;72.0;69.0;67.0
4235;72.0;72.0;69.0;68.0
4240;72.0;72.0;69.0;68.0
4245;72.0;72.0;69.0;68.0
4250;72.0;72.0;69.0;68.0
4255;72.0;72.0;69.0;68.0
4260;72.0;72.0;69.0;68.0
4265;72.0;72.0;68.0;68.0
4270;72.0;72.0;69.0;68.0
4275;72.0;72.0;69.0;68.0
4280;72.0;72.0;69.0;68.0
4285;72.0;72.0;69.0;68.0
4290;72.0;72.0;69.0;68.0
4295;73.0;72.0;69.0;68.0
4300;73.0;72.0;69.0;68.0
4305;73.0;72.0;69.0;68.0
4310;73.0;72.0;70.0;69.0
4315;72.0;72.0;70.0;68.0
4320;72.0;72.0;70.0;68.0
4325;72.0;72.0;70.0;68.0
4330;72.0;72.0;70.0;68.0
4335;72.0;72.0;70.0;68.0
4340;72.0;72.0;70.0;68.0
4345;72.0;72.0;70.0;68.0
4350;73.0;72.0;70.0;68.0
4355;72.0;72.0;70.0;68.0
4360;72.0;72.0;70.0;68.0
4365;72.0;72.0;70.0;68.0
4370;72.0;72.0;70.0;68.0
4375;72.0;72.0;70.0;68.0
4380;72.0;73.0;70.0;68.0
4385;72.0;73.0;70.0;68.0
4390;73.0;73.0;70.0;68.0
4395;73.0;73.0;70.0;68.0
4400;73.0;73.0;70.0;68.0
4405;73.0;73.0;70.0;68.0
4410;73.0;73.0;70.0;68.0
4415;73.0;73.0;70.0;68.0
4420;73.0;73.0;70.0;69.0
4425;73.0;73.0;70.0;69.0
4430;74.0;73.0;70.0;69.0
4435;74.0;73.0;70.0;69.0
4440;74.0;73.0;70.0;69.0
4445;74.0;73.0;70.0;69.0
4450;74.0;73.0;69.0;69.0
4455;74.0;73.0;69.0;69.0
4460;74.0;73.0;69.0;69.0
4465;74.0;73.0;70.0;69.0
4470;74.0;73.0;70.0;69.0
4475;74.0;73.0;70.0;69.0
4480;74.0;73.0;70.0;69.0
4485;74.0;73.0;70.0;69.0
4490;74.0;73.0;70.0;69.0
4495;74.0;73.0;70.0;68.0
4500;74.0;73.0;70.0;68.0
4505;74.0;73.0;70.0;68.0
4510;74.0;73.0;70.0;68.0
4515;74.0;73.0;70.0;68.0
4520;74.0;73.0;71.0;68.0
4525;74.0;73.0;70.0;68.0
4530;75.0;73.0;71.0;68.0
4535;75.0;73.0;71.0;68.0
4540;75.0;73.0;71.0;68.0
4545;75.0;74.0;71.0;68.0
4550;75.0;74.0;71.0;68.0
4555;75.0;74.0;70.0;69.0
4560;75.0;74.0;70.0;69.0
4565;75.0;74.0;70.0;69.0
4570;75.0;73.0;71.0;69.0
4575;75.0;73.0;71.0;69.0
4580;75.0;73.0;71.0;69.0
4585;76.0;73.0;71.0;69.0
4590;76.0;73.0;71.0;69.0
4595;76.0;73.0;71.0;69.0
4600;75.0;73.0;71.0;69.0
4605;75.0;73.0;71.0;69.0
4610;75.0;73.0;72.0;70.0
4615;75.0;73.0;72.0;70.0
4620;75.0;73.0;72.0;70.0
4625;75.0;73.0;72.0;71.0
4630;75.0;73.0;72.0;71.0
4635;75.0;73.0;72.0;71.0
4640;75.0;73.0;72.0;71.0
4645;75.0;73.0;72.0;71.0
4650;75.0;73.0;72.0;71.0
4655;75.0;73.0;72.0;71.0
4660;74.0;73.0;72.0;71.0
4665;74.0;73.0;72.0;72.0
4670;74.0;73.0;72.0;72.0
4675;74.0;73.0;72.0;72.0
4680;74.0;73.0;72.0;72.0
4685;74.0;73.0;72.0;72.0
4690;74.0;73.0;72.0;72.0
4695;74.0;73.0;72.0;72.0
4700;74.0;73.0;72.0;72.0
4705;74.0;73.0;72.0;72.0
4710;75.0;73.0;72.0;72.0
4715;75.0;73.0;72.0;72.0
4720;75.0;74.0;72.0;72.0
4725;75.0;74.0;72.0;72.0
4730;75.0;73.0;72.0;72.0
4735;75.0;74.0;72.0;72.0
4740;75.0;74.0;72.0;72.0
4745;75.0;74.0;72.0;72.0
4750;74.0;74.0;72.0;72.0
4755;74.0;74.0;72.0;72.0
4760;74.0;74.0;72.0;72.0
4765;74.0;75.0;72.0;72.0
4770;74.0;75.0;72.0;72.0
4775;75.0;75.0;72.0;72.0
4780;75.0;75.0;72.0;72.0
4785;75.0;75.0;72.0;72.0
4790;75.0;75.0;72.0;72.0
4795;75.0;75.0;72.0;72.0
4800;74.0;75.0;72.0;72.0
4805;74.0;75.0;72.0;72.0
4810;74.0;75.0;72.0;73.0
4815;74.0;75.0;72.0;73.0
4820;74.0;75.0;72.0;73.0
4825;74.0;75.0;72.0;73.0
4830;75.0;75.0;72.0;73.0
4835;75.0;75.0;72.0;73.0
4840;75.0;75.0;72.0;74.0
4845;75.0;75.0;73.0;74.0
4850;75.0;75.0;73.0;74.0
4855;75.0;75.0;73.0;74.0
4860;75.0;75.0;73.0;74.0
4865;75.0;75.0;73.0;74.0
4870;75.0;75.0;73.0;74.0
4875;75.0;75.0;73.0;74.0
4880;75.0;75.0;73.0;74.0
4885;75.0;75.0;73.0;74.0
4890;75.0;75.0;73.0;74.0
4895;75.0;75.0;73.0;74.0
4900;75.0;75.0;73.0;74.0
4905;75.0;75.0;73.0;74.0
4910;75.0;75.0;73.0;74.0
4915;75.0;75.0;73.0;74.0
4920;75.0;75.0;73.0;74.0
4925;75.0;75.0;73.0;74.0
4930;75.0;75.0;73.0;74.0
4935;75.0;75.0;73.0;74.0
4940;75.0;74.0;74.0;75.0
4945;75.0;74.0;74.0;75.0
4950;75.0;74.0;74.0;75.0
4955;75.0;74.0;74.0;75.0
4960;75.0;74.0;74.0;75.0
4965;75.0;74.0;74.0;75.0
4970;75.0;75.0;74.0;75.0
4975;75.0;75.0;74.0;75.0
4980;75.0;75.0;74.0;75.0
4985;75.0;75.0;74.0;75.0
4990;75.0;75.0;74.0;75.0
4995;76.0;75.0;74.0;75.0
5000;76.0;75.0;74.0;75.0
5005;76.0;75.0;74.0;75.0
5010;76.0;75.0;74.0;75.0
5015;76.0;75.0;74.0;76.0
5020;76.0;75.0;74.0;76.0
5025;76.0;75.0;74.0;76.0
5030;77.0;75.0;74.0;76.0
5035;77.0;75.0;74.0;76.0
5040;78.0;75.0;74.0;76.0
5045;78.0;75.0;74.0;76.0
5050;78.0;75.0;74.0;76.0
5055;78.0;75.0;74.0;76.0
5060;78.0;75.0;74.0;76.0
5065;78.0;75.0;74.0;76.0
5070;78.0;76.0;74.0;76.0
5075;78.0;76.0;74.0;76.0
5080;78.0;76.0;74.0;76.0
5085;78.0;76.0;74.0;76.0
5090;77.0;76.0;75.0;76.0
5095;77.0;75.0;75.0;76.0
5100;77.0;76.0;75.0;76.0
5105;77.0;76.0;75.0;76.0
5110;77.0;76.0;75.0;76.0
5115;77.0;76.0;75.0;76.0
5120;77.0;76.0;75.0;76.0
5125;77.0;76.0;75.0;76.0
5130;77.0;76.0;75.0;76.0
5135;78.0;76.0;75.0;76.0
5140;78.0;76.0;75.0;76.0
5145;78.0;76.0;75.0;76.0
5150;78.0;76.0;75.0;76.0
5155;78.0;76.0;75.0;76.0
5160;78.0;76.0;75.0;76.0
5165;78.0;76.0;75.0;76.0
5170;78.0;76.0;75.0;76.0
5175;78.0;76.0;75.0;76.0
5180;78.0;76.0;76.0;76.0
5185;78.0;76.0;76.0;76.0
5190;78.0;76.0;76.0;76.0
5195;78.0;76.0;76.0;76.0
5200;78.0;76.0;76.0;76.0
5205;78.0;76.0;76.0;76.0
5210;78.0;76.0;76.0;76.0
5215;78.0;76.0;76.0;76.0
5220;78.0;77.0;76.0;76.0
5225;78.0;77.0;76.0;76.0
5230;78.0;77.0;76.0;76.0
5235;78.0;77.0;76.0;76.0
5240;77.0;77.0;76.0;76.0
5245;77.0;77.0;76.0;76.0
5250;77.0;77.0;76.0;76.0
5255;77.0;77.0;77.0;76.0
5260;77.0;77.0;77.0;76.0
5265;77.0;77.0;77.0;76.0
5270;77.0;77.0;77.0;76.0
5275;78.0;77.0;77.0;76.0
5280;78.0;77.0;77.0;77.0
5285;78.0;77.0;77.0;77.0
5290;78.0;77.0;77.0;77.0
5295;78.0;77.0;76.0;77.0
5300;78.0;77.0;76.0;77.0
5305;78.0;77.0;76.0;77.0
5310;78.0;77.0;76.0;77.0
5315;78.0;77.0;76.0;77.0
5320;78.0;78.0;76.0;77.0
5325;78.0;78.0;76.0;77.0
5330;79.0;78.0;76.0;77.0
5335;79.0;78.0;76.0;77.0
5340;79.0;78.0;76.0;77.0
5345;79.0;77.0;76.0;77.0
5350;79.0;78.0;76.0;77.0
5355;79.0;78.0;77.0;77.0
5360;79.0;78.0;77.0;78.0
5365;79.0;77.0;77.0;78.0
5370;79.0;77.0;77.0;78.0
5375;79.0;77.0;77.0;78.0
5380;79.0;78.0;77.0;78.0
5385;79.0;78.0;77.0;78.0
5390;79.0;78.0;76.0;78.0
5395;79.0;78.0;76.0;78.0
5400;79.0;79.0;76.0;78.0
5405;79.0;79.0;76.0;77.0
5410;79.0;79.0;76.0;77.0
5415;79.0;79.0;76.0;77.0
5420;79.0;79.0;76.0;77.0
5425;79.0;79.0;76.0;77.0
5430;79.0;79.0;76.0;78.0
5435;79.0;79.0;76.0;78.0
5440;79.0;79.0;76.0;78.0
5445;79.0;79.0;76.0;78.0
5450;79.0;79.0;76.0;78.0
5455;79.0;79.0;76.0;78.0
5460;79.0;79.0;77.0;78.0
5465;79.0;79.0;77.0;78.0
5470;79.0;79.0;77.0;78.0
5475;79.0;79.0;77.0;78.0
5480;79.0;79.0;77.0;79.0
5485;79.0;79.0;77.0;79.0
5490;79.0;79.0;77.0;79.0
5495;78.0;79.0;77.0;79.0
5500;78.0;79.0;77.0;79.0
5505;78.0;79.0;77.0;79.0
5510;78.0;79.0;78.0;79.0
5515;78.0;79.0;78.0;79.0
5520;78.0;79.0;78.0;79.0
5525;78.0;79.0;78.0;79.0
5530;78.0;79.0;78.0;79.0
5535;78.0;79.0;78.0;79.0
5540;78.0;79.0;78.0;79.0
5545;78.0;79.0;77.0;79.0
5550;78.0;80.0;78.0;79.0
5555;78.0;80.0;78.0;79.0
5560;78.0;80.0;78.0;79.0
5565;78.0;80.0;78.0;79.0
5570;78.0;80.0;78.0;79.0
5575;78.0;80.0;77.0;79.0
5580;78.0;80.0;77.0;79.0
5585;78.0;80.0;78.0;78.0
5590;79.0;80.0;78.0;78.0
5595;79.0;80.0;78.0;78.0
5600;79.0;80.0;78.0;78.0
5605;79.0;80.0;78.0;78.0
5610;79.0;80.0;78.0;78.0
5615;79.0;80.0;78.0;78.0
5620;79.0;80.0;78.0;78.0
5625;79.0;80.0;78.0;78.0
5630;79.0;80.0;78.0;78.0
5635;79.0;80.0;78.0;78.0
5640;79.0;80.0;78.0;78.0
5645;79.0;80.0;78.0;78.0
5650;79.0;80.0;78.0;78.0
5655;79.0;80.0;78.0;78.0
5660;79.0;80.0;78.0;78.0
5665;79.0;80.0;78.0;78.0
5670;79.0;80.0;78.0;78.0
5675;79.0;80.0;78.0;78.0
5680;79.0;80.0;78.0;78.0
5685;79.0;80.0;78.0;78.0
5690;79.0;80.0;78.0;78.0
5695;79.0;80.0;77.0;78.0
5700;79.0;80.0;78.0;78.0
5705;79.0;80.0;78.0;78.0
5710;79.0;80.0;78.0;78.0
5715;79.0;80.0;77.0;78.0
5720;79.0;80.0;77.0;78.0
5725;79.0;80.0;77.0;78.0
5730;79.0;80.0;77.0;78.0
5735;79.0;80.0;77.0;78.0
5740;79.0;80.0;77.0;78.0
5745;79.0;80.0;77.0;78.0
5750;79.0;80.0;77.0;78.0
5755;79.0;80.0;77.0;79.0
5760;79.0;80.0;77.0;79.0
5765;79.0;80.0;77.0;79.0
5770;79.0;80.0;77.0;79.0
5775;79.0;80.0;77.0;79.0
5780;79.0;80.0;77.0;79.0
5785;79.0;80.0;77.0;79.0
5790;79.0;80.0;77.0;79.0
5795;79.0;80.0;77.0;79.0
5800;79.0;80.0;77.0;79.0
5805;79.0;80.0;77.0;79.0
5810;79.0;80.0;77.0;79.0
5815;79.0;80.0;77.0;79.0
5820;79.0;80.0;77.0;79.0
5825;79.0;80.0;77.0;79.0
5830;79.0;80.0;77.0;79.0
5835;79.0;80.0;77.0;79.0
5840;79.0;80.0;77.0;79.0
5845;80.0;80.0;78.0;79.0
5850;80.0;80.0;78.0;80.0
5855;80.0;80.0;77.0;80.0
5860;80.0;80.0;78.0;80.0
5865;80.0;80.0;77.0;79.0
5870;80.0;80.0;77.0;79.0
5875;80.0;80.0;77.0;79.0
5880;80.0;80.0;77.0;79.0
5885;80.0;80.0;77.0;79.0
5890;80.0;80.0;77.0;79.0
5895;80.0;80.0;77.0;79.0
5900;80.0;80.0;77.0;79.0
5905;80.0;80.0;77.0;79.0
5910;80.0;80.0;77.0;79.0
5915;80.0;80.0;77.0;80.0
5920;80.0;80.0;77.0;80.0
5925;80.0;80.0;77.0;80.0
5930;80.0;80.0;77.0;80.0
5935;80.0;80.0;77.0;80.0
5940;80.0;80.0;77.0;80.0
5945;80.0;80.0;77.0;80.0
5950;80.0;80.0;77.0;80.0
5955;80.0;80.0;77.0;80.0
5960;80.0;80.0;77.0;80.0
5965;80.0;80.0;77.0;80.0
5970;80.0;80.0;77.0;80.0
5975;80.0;81.0;77.0;80.0
5980;80.0;81.0;78.0;80.0
5985;80.0;81.0;78.0;80.0
5990;80.0;81.0;78.0;80.0
5995;80.0;81.0;78.0;80.0
6000;80.0;81.0;78.0;80.0
6005;80.0;80.0;78.0;80.0
6010;80.0;80.0;78.0;80.0
6015;80.0;80.0;78.0;80.0
6020;80.0;80.0;78.0;80.0
6025;80.0;80.0;78.0;80.0
6030;80.0;80.0;78.0;80.0
6035;80.0;80.0;78.0;80.0
6040;80.0;80.0;78.0;81.0
6045;80.0;80.0;78.0;81.0
6050;80.0;80.0;78.0;81.0
6055;80.0;80.0;78.0;81.0
6060;80.0;80.0;78.0;81.0
6065;80.0;80.0;78.0;81.0
6070;80.0;80.0;78.0;81.0
6075;80.0;80.0;78.0;82.0
6080;80.0;80.0;78.0;82.0
6085;80.0;80.0;78.0;82.0
6090;80.0;80.0;78.0;82.0
6095;80.0;80.0;78.0;82.0
6100;80.0;80.0;78.0;82.0
6105;80.0;80.0;78.0;82.0
6110;80.0;80.0;79.0;82.0
6115;80.0;80.0;79.0;83.0
6120;80.0;80.0;79.0;83.0
6125;80.0;80.0;79.0;83.0
6130;80.0;80.0;79.0;83.0
6135;80.0;80.0;79.0;83.0
6140;80.0;81.0;79.0;83.0
6145;80.0;81.0;79.0;83.0
6150;80.0;81.0;79.0;83.0
6155;80.0;81.0;79.0;83.0
6160;80.0;81.0;79.0;83.0
6165;80.0;81.0;79.0;83.0
6170;80.0;81.0;79.0;83.0
6175;80.0;81.0;79.0;84.0
6180;80.0;81.0;79.0;84.0
6185;80.0;81.0;79.0;84.0
6190;80.0;82.0;79.0;84.0
6195;80.0;82.0;79.0;83.0
6200;80.0;82.0;79.0;84.0
6205;80.0;81.0;79.0;84.0
6210;80.0;81.0;79.0;84.0
6215;80.0;81.0;79.0;84.0
6220;80.0;81.0;79.0;84.0
6225;80.0;81.0;79.0;84.0
6230;80.0;82.0;79.0;84.0
6235;80.0;82.0;79.0;84.0
6240;80.0;82.0;79.0;84.0
6245;80.0;82.0;79.0;84.0
6250;80.0;81.0;79.0;84.0
6255;80.0;81.0;79.0;84.0
6260;80.0;81.0;79.0;84.0
6265;80.0;81.0;79.0;84.0
6270;80.0;81.0;78.0;84.0
6275;80.0;82.0;78.0;84.0
6280;80.0;82.0;78.0;84.0
6285;80.0;81.0;78.0;83.0
6290;80.0;81.0;78.0;83.0
6295;80.0;81.0;78.0;83.0
6300;80.0;81.0;78.0;83.0
6305;80.0;81.0;78.0;83.0
6310;80.0;81.0;78.0;83.0
6315;81.0;82.0;78.0;83.0
6320;81.0;82.0;78.0;83.0
6325;81.0;82.0;78.0;83.0
6330;80.0;82.0;78.0;83.0
6335;80.0;82.0;78.0;84.0
6340;80.0;82.0;78.0;84.0
6345;81.0;82.0;79.0;84.0
6350;81.0;82.0;79.0;84.0
6355;81.0;82.0;79.0;84.0
6360;81.0;82.0;79.0;84.0
6365;81.0;82.0;79.0;84.0
6370;81.0;82.0;79.0;84.0
6375;81.0;82.0;79.0;84.0
6380;81.0;82.0;79.0;84.0
6385;81.0;82.0;79.0;84.0
6390;81.0;82.0;79.0;84.0
6395;81.0;82.0;79.0;84.0
6400;81.0;82.0;79.0;84.0
6405;81.0;82.0;78.0;84.0
6410;80.0;82.0;79.0;84.0
6415;80.0;82.0;79.0;84.0
6420;80.0;82.0;79.0;84.0
6425;80.0;82.0;79.0;84.0
6430;80.0;82.0;79.0;84.0
6435;80.0;82.0;79.0;84.0
6440;80.0;82.0;79.0;84.0
6445;80.0;82.0;79.0;84.0
6450;80.0;82.0;79.0;84.0
6455;80.0;82.0;79.0;84.0
6460;80.0;82.0;79.0;84.0
6465;80.0;82.0;79.0;84.0
6470;80.0;82.0;79.0;84.0
6475;80.0;82.0;79.0;84.0
6480;80.0;83.0;79.0;84.0
6485;80.0;83.0;79.0;84.0
6490;80.0;83.0;79.0;84.0
6495;80.0;83.0;79.0;84.0
6500;80.0;83.0;79.0;84.0
6505;80.0;83.0;79.0;84.0
6510;80.0;83.0;79.0;84.0
6515;80.0;83.0;79.0;84.0
6520;80.0;83.0;79.0;84.0
6525;80.0;83.0;79.0;84.0
6530;80.0;83.0;79.0;84.0
6535;80.0;83.0;79.0;84.0
6540;81.0;83.0;79.0;84.0
6545;81.0;83.0;79.0;84.0
6550;81.0;83.0;79.0;84.0
6555;81.0;83.0;80.0;84.0
6560;81.0;83.0;80.0;84.0
6565;81.0;83.0;80.0;84.0
6570;81.0;83.0;80.0;84.0
6575;81.0;83.0;80.0;84.0
6580;81.0;83.0;80.0;84.0
6585;81.0;83.0;80.0;84.0
6590;81.0;83.0;80.0;84.0
6595;81.0;83.0;80.0;84.0
6600;81.0;83.0;80.0;84.0
6605;81.0;83.0;80.0;84.0
6610;81.0;83.0;80.0;84.0
6615;81.0;83.0;80.0;84.0
6620;81.0;83.0;79.0;84.0
6625;81.0;83.0;80.0;84.0
6630;81.0;83.0;80.0;84.0
6635;81.0;83.0;80.0;84.0
6640;81.0;83.0;80.0;84.0
6645;81.0;83.0;80.0;84.0
6650;81.0;83.0;80.0;84.0
6655;81.0;83.0;80.0;84.0
6660;81.0;83.0;80.0;84.0
6665;81.0;83.0;80.0;84.0
6670;81.0;83.0;80.0;84.0
6675;81.0;83.0;80.0;84.0
6680;81.0;83.0;80.0;84.0
6685;81.0;83.0;81.0;84.0
6690;81.0;83.0;81.0;84.0
6695;81.0;83.0;81.0;84.0
6700;81.0;83.0;81.0;84.0
6705;81.0;83.0;81.0;84.0
6710;81.0;83.0;81.0;84.0
6715;81.0;83.0;81.0;84.0
6720;81.0;83.0;81.0;84.0
6725;81.0;83.0;81.0;84.0
6730;81.0;83.0;81.0;84.0
6735;81.0;83.0;81.0;84.0
6740;81.0;83.0;81.0;84.0
6745;81.0;83.0;81.0;84.0
6750;81.0;83.0;81.0;84.0
6755;81.0;83.0;81.0;84.0
6760;81.0;83.0;81.0;84.0
6765;81.0;83.0;81.0;84.0
6770;81.0;83.0;81.0;84.0
6775;81.0;83.0;81.0;84.0
6780;81.0;83.0;81.0;84.0
6785;81.0;83.0;81.0;84.0
6790;82.0;83.0;81.0;84.0
6795;82.0;83.0;81.0;84.0
6800;82.0;83.0;81.0;84.0
6805;82.0;83.0;81.0;84.0
6810;82.0;83.0;81.0;84.0
6815;82.0;83.0;81.0;84.0
6820;82.0;83.0;81.0;84.0
6825;82.0;83.0;82.0;84.0
6830;82.0;83.0;82.0;84.0
6835;82.0;83.0;82.0;85.0
6840;82.0;83.0;82.0;85.0
6845;82.0;83.0;82.0;85.0
6850;82.0;83.0;82.0;85.0
6855;82.0;83.0;82.0;85.0
6860;82.0;83.0;82.0;85.0
6865;82.0;83.0;82.0;85.0
6870;82.0;82.0;81.0;85.0
6875;82.0;82.0;81.0;85.0
6880;82.0;82.0;81.0;85.0
6885;82.0;83.0;81.0;85.0
6890;82.0;83.0;81.0;85.0
6895;82.0;83.0;81.0;85.0
6900;82.0;84.0;81.0;85.0
6905;82.0;84.0;81.0;85.0
6910;82.0;84.0;82.0;85.0
6915;82.0;84.0;82.0;85.0
6920;82.0;84.0;82.0;85.0
6925;82.0;84.0;82.0;85.0
6930;82.0;84.0;82.0;85.0
6935;82.0;84.0;82.0;85.0
6940;82.0;84.0;82.0;85.0
6945;82.0;84.0;82.0;85.0
6950;83.0;84.0;82.0;85.0
6955;83.0;84.0;81.0;85.0
6960;83.0;84.0;81.0;85.0
6965;83.0;84.0;81.0;85.0
6970;83.0;84.0;81.0;85.0
6975;83.0;84.0;81.0;85.0
6980;83.0;84.0;81.0;85.0
6985;83.0;84.0;82.0;85.0
6990;83.0;84.0;82.0;85.0
6995;83.0;84.0;82.0;85.0
7000;83.0;84.0;82.0;85.0
7005;83.0;84.0;82.0;85.0
7010;83.0;84.0;82.0;85.0
7015;84.0;84.0;82.0;84.0
7020;84.0;84.0;82.0;84.0
7025;84.0;84.0;82.0;84.0
7030;84.0;84.0;83.0;85.0
7035;84.0;84.0;83.0;85.0
7040;84.0;84.0;83.0;85.0
7045;84.0;84.0;83.0;85.0
7050;84.0;84.0;83.0;85.0
7055;84.0;84.0;83.0;85.0
7060;84.0;84.0;83.0;85.0
7065;84.0;84.0;83.0;85.0
7070;84.0;84.0;83.0;85.0
7075;84.0;84.0;83.0;85.0
7080;84.0;84.0;83.0;85.0
7085;84.0;84.0;83.0;85.0
7090;84.0;84.0;83.0;85.0
7095;84.0;84.0;83.0;85.0
7100;84.0;84.0;83.0;85.0
7105;84.0;84.0;83.0;85.0
7110;84.0;85.0;83.0;85.0
7115;84.0;85.0;83.0;85.0
7120;84.0;85.0;84.0;85.0
7125;84.0;85.0;84.0;85.0
7130;84.0;85.0;84.0;85.0
7135;84.0;85.0;84.0;85.0
7140;84.0;85.0;84.0;85.0
7145;84.0;85.0;84.0;84.0
7150;84.0;85.0;84.0;84.0
7155;84.0;84.0;84.0;84.0
7160;84.0;84.0;83.0;84.0
7165;84.0;84.0;83.0;84.0
7170;84.0;84.0;83.0;84.0
7175;84.0;84.0;83.0;84.0
7180;84.0;84.0;83.0;84.0
7185;84.0;84.0;83.0;84.0
7190;84.0;84.0;83.0;85.0
7195;84.0;84.0;83.0;84.0
7200;84.0;84.0;83.0;84.0
7205;84.0;84.0;83.0;84.0
7210;84.0;84.0;83.0;84.0
7215;84.0;84.0;83.0;85.0
7220;84.0;84.0;83.0;85.0
7225;84.0;84.0;83.0;85.0
7230;84.0;84.0;83.0;85.0
7235;84.0;84.0;83.0;84.0
7240;84.0;85.0;83.0;84.0
7245;84.0;85.0;83.0;84.0
7250;84.0;85.0;84.0;84.0
7255;84.0;85.0;84.0;84.0
7260;84.0;85.0;84.0;84.0
7265;84.0;85.0;84.0;84.0
7270;84.0;85.0;83.0;84.0
7275;83.0;85.0;83.0;84.0
7280;83.0;85.0;83.0;84.0
7285;83.0;85.0;83.0;84.0
7290;83.0;85.0;83.0;84.0
7295;84.0;85.0;83.0;84.0
7300;84.0;84.0;83.0;84.0
7305;84.0;84.0;84.0;84.0
7310;84.0;84.0;84.0;84.0
7315;84.0;84.0;84.0;84.0
7320;84.0;84.0;84.0;84.0
7325;84.0;84.0;84.0;84.0
7330;84.0;84.0;84.0;84.0
7335;84.0;84.0;84.0;84.0
7340;84.0;84.0;84.0;84.0
7345;84.0;85.0;84.0;84.0
7350;84.0;85.0;84.0;84.0
7355;84.0;85.0;84.0;84.0
7360;84.0;85.0;84.0;84.0
7365;84.0;85.0;84.0;84.0
7370;84.0;84.0;84.0;84.0
7375;84.0;84.0;84.0;84.0
7380;84.0;84.0;84.0;84.0
7385;84.0;84.0;84.0;84.0
7390;84.0;84.0;84.0;84.0
7395;84.0;84.0;84.0;84.0
7400;84.0;84.0;84.0;84.0
7405;84.0;84.0;84.0;84.0
7410;84.0;84.0;84.0;84.0
7415;84.0;85.0;84.0;84.0
7420;84.0;85.0;84.0;84.0
7425;84.0;85.0;84.0;84.0
7430;84.0;85.0;84.0;84.0
7435;85.0;85.0;84.0;84.0
7440;85.0;85.0;84.0;84.0
7445;85.0;85.0;84.0;84.0
7450;85.0;85.0;84.0;84.0
7455;85.0;85.0;84.0;84.0
7460;85.0;85.0;84.0;84.0
7465;85.0;85.0;84.0;84.0
7470;85.0;85.0;84.0;84.0
7475;85.0;85.0;84.0;84.0
7480;85.0;85.0;84.0;85.0
7485;85.0;85.0;84.0;85.0
7490;85.0;85.0;84.0;85.0
7495;85.0;85.0;84.0;85.0
7500;85.0;85.0;84.0;85.0
7505;85.0;85.0;84.0;85.0
7510;84.0;85.0;84.0;85.0
7515;84.0;85.0;84.0;85.0
7520;84.0;85.0;84.0;85.0
7525;84.0;85.0;84.0;85.0
7530;84.0;85.0;84.0;85.0
7535;84.0;85.0;84.0;85.0
7540;84.0;85.0;84.0;85.0
7545;84.0;85.0;84.0;85.0
7550;84.0;85.0;84.0;85.0
7555;84.0;85.0;84.0;85.0
7560;85.0;85.0;84.0;85.0
7565;85.0;85.0;84.0;85.0
7570;85.0;85.0;84.0;85.0
7575;85.0;85.0;84.0;85.0
7580;85.0;85.0;84.0;85.0
7585;85.0;85.0;84.0;85.0
7590;85.0;85.0;84.0;85.0
7595;85.0;85.0;84.0;85.0
7600;85.0;85.0;84.0;85.0
7605;85.0;85.0;84.0;85.0
7610;85.0;85.0;84.0;85.0
7615;85.0;85.0;84.0;85.0
7620;85.0;85.0;84.0;85.0
7625;85.0;85.0;84.0;85.0
7630;85.0;85.0;84.0;85.0
7635;85.0;85.0;84.0;85.0
7640;85.0;85.0;84.0;85.0
7645;85.0;85.0;84.0;85.0
7650;85.0;85.0;84.0;85.0
7655;85.0;85.0;84.0;85.0
7660;85.0;85.0;84.0;85.0
7665;85.0;85.0;84.0;85.0
7670;85.0;85.0;84.0;85.0
7675;85.0;85.0;84.0;85.0
7680;85.0;85.0;84.0;85.0
7685;85.0;85.0;84.0;85.0
7690;85.0;85.0;84.0;85.0
7695;85.0;84.0;84.0;85.0
7700;85.0;84.0;84.0;85.0
7705;85.0;84.0;84.0;85.0
7710;85.0;84.0;84.0;85.0
7715;85.0;85.0;84.0;85.0
7720;85.0;85.0;84.0;85.0
7725;85.0;85.0;85.0;85.0
7730;85.0;85.0;85.0;85.0
7735;85.0;85.0;85.0;85.0
7740;85.0;85.0;85.0;85.0
7745;85.0;85.0;85.0;85.0
7750;85.0;85.0;85.0;85.0
7755;85.0;85.0;85.0;85.0
7760;85.0;84.0;85.0;85.0
7765;85.0;84.0;85.0;85.0
7770;85.0;84.0;85.0;85.0
7775;85.0;84.0;85.0;85.0
7780;85.0;84.0;85.0;85.0
7785;85.0;84.0;85.0;85.0
7790;85.0;84.0;85.0;85.0
7795;85.0;84.0;85.0;85.0
7800;85.0;84.0;85.0;85.0
7805;85.0;84.0;85.0;85.0
7810;85.0;85.0;85.0;85.0
7815;85.0;85.0;85.0;85.0
7820;85.0;85.0;85.0;85.0
7825;85.0;85.0;85.0;85.0
7830;85.0;85.0;85.0;85.0
7835;85.0;84.0;85.0;85.0
7840;85.0;84.0;85.0;85.0
7845;85.0;84.0;85.0;85.0
7850;85.0;84.0;85.0;85.0
7855;85.0;84.0;85.0;85.0
7860;85.0;84.0;85.0;86.0
7865;85.0;84.0;85.0;86.0
7870;85.0;84.0;85.0;86.0
7875;85.0;84.0;85.0;86.0
7880;85.0;84.0;85.0;86.0
7885;85.0;84.0;85.0;86.0
7890;86.0;84.0;85.0;86.0
7895;86.0;84.0;85.0;86.0
7900;86.0;84.0;85.0;86.0
7905;85.0;84.0;85.0;86.0
7910;85.0;84.0;85.0;86.0
7915;85.0;84.0;85.0;86.0
7920;85.0;84.0;85.0;86.0
7925;85.0;84.0;85.0;86.0
7930;85.0;84.0;85.0;86.0
7935;85.0;84.0;85.0;86.0
7940;85.0;84.0;85.0;86.0
7945;85.0;84.0;86.0;86.0
7950;85.0;84.0;86.0;86.0
7955;85.0;84.0;86.0;86.0
7960;85.0;84.0;85.0;86.0
7965;85.0;84.0;85.0;86.0
7970;85.0;84.0;85.0;86.0
7975;85.0;84.0;85.0;86.0
7980;84.0;84.0;85.0;86.0
7985;84.0;84.0;85.0;86.0
7990;84.0;84.0;85.0;86.0
7995;84.0;84.0;85.0;86.0
8000;84.0;84.0;85.0;86.0
8005;84.0;84.0;85.0;86.0
8010;84.0;84.0;85.0;86.0
8015;84.0;84.0;86.0;86.0
8020;84.0;84.0;86.0;86.0
8025;84.0;84.0;86.0;86.0
8030;84.0;84.0;86.0;86.0
8035;84.0;84.0;86.0;86.0
8040;84.0;84.0;86.0;86.0
8045;84.0;84.0;86.0;86.0
8050;84.0;84.0;86.0;87.0
8055;84.0;84.0;86.0;87.0
8060;84.0;84.0;86.0;87.0
8065;84.0;84.0;86.0;87.0
8070;84.0;84.0;86.0;87.0
8075;84.0;84.0;86.0;87.0
8080;84.0;84.0;86.0;87.0
8085;84.0;84.0;85.0;87.0
8090;84.0;84.0;85.0;87.0
8095;84.0;84.0;85.0;87.0
8100;84.0;84.0;85.0;87.0
8105;84.0;84.0;85.0;87.0
8110;84.0;84.0;85.0;86.0
8115;84.0;84.0;85.0;86.0
8120;84.0;84.0;85.0;86.0
8125;84.0;84.0;85.0;86.0
8130;84.0;84.0;85.0;86.0
8135;84.0;84.0;85.0;86.0
8140;84.0;84.0;85.0;86.0
8145;84.0;84.0;85.0;86.0
8150;84.0;84.0;85.0;86.0
8155;84.0;84.0;85.0;86.0
8160;84.0;84.0;86.0;86.0
8165;84.0;84.0;86.0;86.0
8170;85.0;84.0;86.0;86.0
8175;85.0;85.0;86.0;86.0
8180;85.0;85.0;86.0;86.0
8185;85.0;85.0;86.0;86.0
8190;84.0;85.0;86.0;86.0
8195;84.0;85.0;86.0;86.0
8200;84.0;85.0;86.0;86.0
8205;84.0;85.0;86.0;86.0
8210;84.0;85.0;86.0;86.0
8215;84.0;85.0;86.0;86.0
8220;84.0;85.0;86.0;87.0
8225;84.0;85.0;86.0;87.0
8230;84.0;85.0;86.0;87.0
8235;84.0;85.0;86.0;87.0
8240;84.0;85.0;86.0;87.0
8245;84.0;85.0;86.0;87.0
8250;84.0;85.0;86.0;87.0
8255;84.0;85.0;86.0;87.0
8260;84.0;85.0;86.0;87.0
8265;84.0;85.0;86.0;87.0
8270;84.0;85.0;86.0;87.0
8275;85.0;85.0;86.0;86.0
8280;85.0;85.0;86.0;87.0
8285;85.0;85.0;86.0;87.0
8290;85.0;85.0;86.0;87.0
8295;85.0;85.0;86.0;87.0
8300;85.0;85.0;86.0;87.0
8305;85.0;85.0;86.0;87.0
8310;85.0;85.0;86.0;87.0
8315;85.0;85.0;86.0;87.0
8320;85.0;85.0;86.0;87.0
8325;85.0;85.0;86.0;87.0
8330;85.0;85.0;86.0;87.0
8335;85.0;85.0;86.0;87.0
8340;85.0;85.0;86.0;87.0
8345;85.0;85.0;86.0;87.0
8350;85.0;85.0;86.0;87.0
8355;85.0;85.0;86.0;87.0
8360;85.0;85.0;86.0;87.0
8365;85.0;85.0;86.0;87.0
8370;85.0;85.0;86.0;86.0
8375;85.0;85.0;86.0;86.0
8380;85.0;85.0;86.0;86.0
8385;85.0;85.0;86.0;86.0
8390;85.0;85.0;86.0;86.0
8395;85.0;85.0;86.0;86.0
8400;85.0;85.0;87.0;86.0
8405;85.0;85.0;86.0;87.0
8410;85.0;85.0;87.0;87.0
8415;85.0;85.0;87.0;86.0
8420;85.0;85.0;86.0;86.0
8425;85.0;85.0;86.0;87.0
8430;85.0;85.0;86.0;87.0
8435;85.0;85.0;86.0;87.0
8440;85.0;85.0;86.0;87.0
8445;85.0;85.0;86.0;87.0
8450;86.0;85.0;86.0;87.0
8455;86.0;85.0;86.0;87.0
8460;86.0;85.0;87.0;87.0
8465;86.0;85.0;87.0;87.0
8470;86.0;85.0;87.0;87.0
8475;86.0;85.0;87.0;87.0
8480;86.0;85.0;87.0;87.0
8485;86.0;86.0;87.0;87.0
8490;86.0;86.0;87.0;86.0
8495;86.0;86.0;87.0;86.0
8500;86.0;86.0;87.0;86.0
8505;86.0;86.0;87.0;86.0
8510;86.0;85.0;87.0;86.0
8515;86.0;85.0;87.0;86.0
8520;86.0;85.0;87.0;86.0
8525;86.0;85.0;87.0;86.0
8530;86.0;85.0;87.0;86.0
8535;86.0;85.0;87.0;86.0
8540;86.0;85.0;87.0;86.0
8545;86.0;86.0;87.0;86.0
8550;86.0;86.0;87.0;86.0
8555;86.0;86.0;87.0;86.0
8560;86.0;86.0;87.0;86.0
8565;86.0;86.0;87.0;86.0
8570;86.0;86.0;87.0;86.0
8575;86.0;86.0;87.0;86.0
8580;86.0;86.0;87.0;86.0
8585;86.0;86.0;87.0;86.0
8590;86.0;86.0;87.0;86.0
8595;86.0;86.0;87.0;86.0
8600;86.0;86.0;87.0;86.0
8605;86.0;86.0;87.0;86.0
8610;86.0;86.0;87.0;86.0
8615;86.0;86.0;87.0;86.0
8620;86.0;86.0;87.0;86.0
8625;86.0;86.0;87.0;86.0
8630;86.0;86.0;87.0;86.0
8635;86.0;86.0;87.0;86.0
8640;86.0;86.0;87.0;86.0
8645;86.0;87.0;87.0;86.0
8650;86.0;87.0;87.0;86.0
8655;86.0;87.0;87.0;86.0
8660;86.0;87.0;87.0;86.0
8665;86.0;87.0;87.0;86.0
8670;86.0;87.0;87.0;86.0
8675;86.0;87.0;87.0;86.0
8680;86.0;87.0;87.0;86.0
8685;86.0;87.0;87.0;86.0
8690;86.0;87.0;87.0;86.0
8695;86.0;87.0;87.0;86.0
8700;86.0;87.0;87.0;86.0
8705;85.0;87.0;87.0;86.0
8710;85.0;87.0;87.0;86.0
8715;85.0;87.0;87.0;86.0
8720;85.0;87.0;87.0;86.0
8725;85.0;87.0;87.0;86.0
8730;85.0;87.0;87.0;86.0
8735;85.0;87.0;87.0;86.0
8740;86.0;87.0;87.0;86.0
8745;86.0;87.0;87.0;86.0
8750;86.0;87.0;87.0;86.0
8755;86.0;87.0;87.0;86.0
8760;85.0;87.0;87.0;86.0
8765;85.0;87.0;88.0;86.0
8770;85.0;87.0;88.0;86.0
8775;85.0;87.0;88.0;86.0
8780;85.0;87.0;88.0;86.0
8785;85.0;87.0;88.0;86.0
8790;85.0;87.0;88.0;86.0
8795;86.0;87.0;88.0;86.0
8800;85.0;87.0;88.0;86.0
8805;85.0;87.0;88.0;86.0
8810;85.0;87.0;88.0;86.0
8815;85.0;87.0;88.0;86.0
8820;85.0;87.0;88.0;86.0
8825;85.0;87.0;88.0;86.0
8830;85.0;87.0;88.0;86.0
8835;85.0;87.0;88.0;86.0
8840;85.0;87.0;88.0;86.0
8845;85.0;87.0;88.0;86.0
8850;85.0;87.0;88.0;86.0
8855;85.0;87.0;88.0;86.0
8860;85.0;87.0;88.0;86.0
8865;85.0;87.0;88.0;86.0
8870;85.0;87.0;88.0;86.0
8875;85.0;87.0;88.0;86.0
8880;85.0;88.0;88.0;86.0
8885;85.0;88.0;88.0;86.0
8890;85.0;88.0;88.0;86.0
8895;85.0;88.0;88.0;86.0
8900;85.0;88.0;88.0;86.0
8905;85.0;88.0;88.0;86.0
8910;85.0;88.0;88.0;86.0
8915;85.0;88.0;88.0;86.0
8920;85.0;88.0;88.0;86.0
8925;85.0;88.0;88.0;86.0
8930;85.0;88.0;88.0;86.0
8935;85.0;88.0;88.0;86.0
8940;85.0;88.0;88.0;86.0
8945;85.0;88.0;88.0;86.0
8950;85.0;88.0;88.0;86.0
8955;85.0;88.0;88.0;86.0
8960;85.0;88.0;88.0;86.0
8965;85.0;88.0;88.0;86.0
8970;85.0;88.0;88.0;86.0
8975;85.0;88.0;88.0;86.0
8980;85.0;88.0;89.0;86.0
8985;85.0;88.0;89.0;86.0
8990;85.0;88.0;89.0;86.0
8995;85.0;88.0;89.0;86.0
9000;86.0;88.0;89.0;86.0
9005;86.0;88.0;89.0;86.0
9010;86.0;88.0;89.0;86.0
9015;86.0;88.0;89.0;86.0
9020;87.0;88.0;89.0;86.0
9025;87.0;88.0;89.0;86.0
9030;87.0;88.0;89.0;86.0
9035;87.0;88.0;89.0;86.0
9040;87.0;88.0;89.0;86.0
9045;87.0;88.0;90.0;86.0
9050;87.0;88.0;90.0;86.0
9055;87.0;88.0;90.0;86.0
9060;87.0;88.0;90.0;86.0
9065;86.0;88.0;90.0;86.0
9070;86.0;88.0;90.0;86.0
9075;86.0;88.0;89.0;86.0
9080;86.0;88.0;90.0;86.0
9085;87.0;88.0;90.0;86.0
9090;87.0;88.0;90.0;86.0
9095;87.0;88.0;90.0;86.0
9100;87.0;88.0;90.0;86.0
9105;87.0;88.0;90.0;85.0
9110;87.0;88.0;90.0;85.0
9115;87.0;88.0;90.0;85.0
9120;87.0;88.0;90.0;86.0
9125;87.0;88.0;90.0;86.0
9130;87.0;88.0;90.0;86.0
9135;87.0;88.0;90.0;86.0
9140;87.0;88.0;90.0;86.0
9145;87.0;88.0;90.0;86.0
9150;87.0;88.0;90.0;85.0
9155;88.0;88.0;90.0;85.0
9160;88.0;88.0;90.0;85.0
9165;88.0;88.0;91.0;85.0
9170;88.0;88.0;91.0;86.0
9175;88.0;88.0;91.0;86.0
9180;88.0;88.0;91.0;86.0
9185;88.0;88.0;91.0;86.0
9190;88.0;88.0;91.0;86.0
9195;88.0;88.0;91.0;86.0
9200;88.0;88.0;91.0;86.0
9205;88.0;88.0;91.0;86.0
9210;88.0;88.0;91.0;86.0
9215;88.0;88.0;91.0;86.0
9220;88.0;88.0;91.0;86.0
9225;88.0;88.0;91.0;86.0
9230;88.0;88.0;91.0;86.0
9235;88.0;88.0;91.0;86.0
9240;88.0;88.0;91.0;86.0
9245;88.0;88.0;91.0;86.0
9250;88.0;88.0;91.0;86.0
9255;88.0;88.0;91.0;86.0
9260;88.0;88.0;91.0;87.0
9265;88.0;88.0;91.0;87.0
9270;88.0;88.0;91.0;87.0
9275;88.0;88.0;91.0;87.0
9280;88.0;88.0;91.0;87.0
9285;88.0;88.0;91.0;87.0
9290;88.0;88.0;91.0;87.0
9295;88.0;88.0;91.0;87.0
9300;88.0;88.0;91.0;87.0
9305;88.0;88.0;91.0;87.0
9310;88.0;88.0;91.0;87.0
9315;88.0;88.0;91.0;87.0
9320;88.0;88.0;91.0;87.0
9325;88.0;88.0;91.0;87.0
9330;88.0;88.0;91.0;87.0
9335;88.0;88.0;91.0;87.0
9340;89.0;88.0;91.0;87.0
9345;89.0;88.0;91.0;87.0
9350;89.0;88.0;91.0;87.0
9355;89.0;88.0;91.0;87.0
9360;89.0;88.0;91.0;87.0
9365;89.0;88.0;91.0;87.0
9370;89.0;88.0;91.0;87.0
9375;89.0;88.0;91.0;87.0
9380;89.0;88.0;91.0;87.0
9385;89.0;88.0;91.0;87.0
9390;89.0;88.0;91.0;87.0
9395;89.0;88.0;91.0;87.0
9400;89.0;88.0;91.0;87.0
9405;89.0;88.0;91.0;87.0
9410;89.0;88.0;91.0;87.0
9415;89.0;88.0;91.0;87.0
9420;89.0;88.0;91.0;87.0
9425;89.0;88.0;91.0;87.0
9430;89.0;88.0;91.0;87.0
9435;89.0;88.0;91.0;87.0
9440;89.0;88.0;91.0;87.0
9445;89.0;88.0;91.0;87.0
9450;89.0;88.0;91.0;87.0
9455;89.0;89.0;91.0;87.0
9460;89.0;89.0;91.0;87.0
9465;89.0;89.0;91.0;87.0
9470;89.0;89.0;91.0;87.0
9475;89.0;89.0;91.0;87.0
9480;89.0;89.0;91.0;87.0
9485;89.0;89.0;91.0;87.0
9490;89.0;89.0;91.0;87.0
9495;89.0;89.0;91.0;87.0
9500;89.0;89.0;91.0;88.0
9505;89.0;89.0;91.0;88.0
9510;89.0;89.0;91.0;88.0
9515;89.0;89.0;91.0;88.0
9520;89.0;89.0;91.0;88.0
9525;89.0;89.0;91.0;88.0
9530;89.0;89.0;91.0;88.0
9535;89.0;89.0;91.0;88.0
9540;89.0;89.0;91.0;88.0
9545;89.0;89.0;91.0;88.0
9550;89.0;89.0;91.0;88.0
9555;89.0;90.0;91.0;88.0
9560;89.0;90.0;91.0;88.0
9565;89.0;90.0;91.0;88.0
9570;89.0;90.0;91.0;88.0
9575;89.0;90.0;91.0;88.0
9580;89.0;90.0;91.0;88.0
9585;89.0;90.0;91.0;88.0
9590;89.0;90.0;91.0;88.0
9595;89.0;90.0;91.0;88.0
9600;89.0;90.0;91.0;88.0
9605;89.0;90.0;91.0;88.0
9610;89.0;90.0;91.0;88.0
9615;89.0;90.0;91.0;88.0
9620;89.0;90.0;91.0;88.0
9625;89.0;90.0;91.0;88.0
9630;89.0;90.0;91.0;88.0
9635;89.0;90.0;91.0;88.0
9640;89.0;90.0;91.0;88.0
9645;89.0;90.0;91.0;88.0
9650;89.0;90.0;91.0;88.0
9655;89.0;90.0;91.0;88.0
9660;89.0;90.0;91.0;88.0
9665;89.0;90.0;91.0;88.0
9670;89.0;90.0;91.0;88.0
9675;89.0;90.0;91.0;88.0
9680;89.0;90.0;91.0;88.0
9685;89.0;90.0;91.0;88.0
9690;89.0;90.0;91.0;88.0
9695;89.0;90.0;91.0;88.0
9700;89.0;90.0;91.0;88.0
9705;89.0;90.0;91.0;88.0
9710;89.0;90.0;91.0;88.0
9715;89.0;90.0;91.0;88.0
9720;89.0;90.0;91.0;88.0
9725;89.0;90.0;91.0;88.0
9730;89.0;90.0;91.0;88.0
9735;89.0;90.0;91.0;88.0
9740;89.0;90.0;91.0;88.0
9745;89.0;90.0;91.0;88.0
9750;89.0;90.0;91.0;88.0
9755;89.0;89.0;91.0;88.0
9760;89.0;89.0;91.0;88.0
9765;89.0;89.0;91.0;88.0
9770;89.0;89.0;91.0;88.0
9775;89.0;89.0;91.0;88.0
9780;89.0;89.0;91.0;88.0
9785;89.0;89.0;91.0;88.0
9790;89.0;89.0;90.0;88.0
9795;89.0;89.0;90.0;88.0
9800;89.0;89.0;91.0;88.0
9805;89.0;90.0;91.0;88.0
9810;89.0;90.0;91.0;88.0
9815;89.0;90.0;91.0;88.0
9820;89.0;90.0;91.0;88.0
9825;89.0;90.0;91.0;88.0
9830;89.0;90.0;91.0;89.0
9835;89.0;90.0;91.0;89.0
9840;89.0;90.0;91.0;88.0
9845;89.0;90.0;91.0;88.0
9850;89.0;90.0;91.0;88.0
9855;89.0;90.0;91.0;88.0
9860;89.0;90.0;91.0;88.0
9865;89.0;90.0;91.0;88.0
9870;89.0;90.0;91.0;88.0
9875;89.0;90.0;90.0;88.0
9880;89.0;90.0;90.0;88.0
9885;89.0;90.0;90.0;88.0
9890;89.0;90.0;90.0;88.0
9895;89.0;90.0;90.0;89.0
9900;89.0;90.0;90.0;89.0
9905;89.0;90.0;90.0;89.0
9910;89.0;90.0;90.0;89.0
9915;89.0;90.0;90.0;89.0
9920;90.0;90.0;90.0;89.0
9925;90.0;90.0;90.0;89.0
9930;90.0;90.0;90.0;89.0
9935;90.0;90.0;91.0;89.0
9940;90.0;90.0;91.0;89.0
9945;90.0;90.0;91.0;89.0
9950;90.0;90.0;91.0;89.0
9955;90.0;90.0;91.0;89.0
9960;90.0;90.0;91.0;89.0
9965;90.0;90.0;91.0;89.0
9970;90.0;90.0;91.0;89.0
9975;90.0;90.0;91.0;89.0
9980;90.0;90.0;91.0;89.0
9985;90.0;90.0;91.0;89.0
9990;90.0;90.0;91.0;89.0
9995;90.0;90.0;91.0;89.0
10000;90.0;90.0;90.0;89.0
10005;90.0;90.0;90.0;89.0
10010;90.0;90.0;90.0;89.0
10015;90.0;90.0;90.0;89.0
10020;90.0;90.0;90.0;89.0
10025;90.0;90.0;90.0;89.0
10030;90.0;90.0;90.0;89.0
10035;90.0;90.0;90.0;89.0
10040;90.0;90.0;90.0;89.0
10045;90.0;90.0;90.0;89.0
10050;90.0;90.0;90.0;89.0
10055;90.0;90.0;90.0;89.0
10060;90.0;90.0;90.0;89.0
10065;90.0;90.0;90.0;89.0
10070;90.0;90.0;90.0;89.0
10075;90.0;90.0;90.0;89.0
10080;90.0;90.0;90.0;89.0
10085;90.0;90.0;90.0;89.0
10090;90.0;90.0;90.0;89.0
10095;90.0;90.0;90.0;89.0
10100;90.0;90.0;90.0;89.0
10105;90.0;90.0;90.0;89.0
10110;90.0;90.0;90.0;89.0
10115;90.0;90.0;90.0;89.0
10120;90.0;90.0;90.0;89.0
10125;90.0;90.0;90.0;89.0
10130;90.0;90.0;89.0;89.0
10135;90.0;90.0;89.0;89.0
10140;90.0;90.0;89.0;89.0
10145;90.0;90.0;89.0;89.0
10150;90.0;90.0;89.0;89.0
10155;90.0;90.0;89.0;89.0
10160;90.0;90.0;89.0;89.0
10165;90.0;90.0;90.0;89.0
10170;90.0;90.0;90.0;89.0
10175;90.0;90.0;90.0;89.0
10180;90.0;90.0;90.0;89.0
10185;90.0;90.0;90.0;89.0
10190;90.0;91.0;90.0;89.0
10195;90.0;91.0;90.0;89.0
10200;90.0;91.0;90.0;89.0
10205;90.0;91.0;90.0;89.0
10210;90.0;91.0;89.0;89.0
10215;90.0;91.0;89.0;89.0
10220;90.0;91.0;89.0;89.0
10225;90.0;91.0;89.0;89.0
10230;90.0;90.0;89.0;89.0
10235;90.0;90.0;89.0;89.0
10240;90.0;90.0;89.0;89.0
10245;90.0;90.0;89.0;89.0
10250;90.0;90.0;89.0;89.0
10255;90.0;90.0;89.0;89.0
10260;90.0;90.0;89.0;89.0
10265;90.0;90.0;89.0;89.0
10270;90.0;90.0;89.0;89.0
10275;90.0;90.0;89.0;89.0
10280;90.0;90.0;89.0;89.0
10285;90.0;90.0;89.0;89.0
10290;90.0;90.0;89.0;89.0
10295;90.0;90.0;89.0;88.0
10300;90.0;90.0;89.0;88.0
10305;90.0;90.0;89.0;88.0
10310;90.0;90.0;89.0;88.0
10315;90.0;90.0;89.0;88.0
10320;90.0;90.0;89.0;88.0
10325;90.0;90.0;89.0;88.0
10330;90.0;90.0;89.0;88.0
10335;90.0;90.0;89.0;88.0
10340;90.0;90.0;89.0;88.0
10345;90.0;90.0;89.0;88.0
10350;90.0;90.0;89.0;88.0
10355;90.0;91.0;89.0;88.0
10360;90.0;91.0;89.0;88.0
10365;90.0;91.0;89.0;88.0
10370;91.0;91.0;89.0;88.0
10375;91.0;91.0;89.0;88.0
10380;91.0;91.0;89.0;88.0
10385;91.0;91.0;89.0;88.0
10390;91.0;91.0;89.0;88.0
10395;91.0;91.0;89.0;88.0
10400;91.0;91.0;89.0;88.0
10405;91.0;91.0;89.0;88.0
10410;91.0;91.0;89.0;88.0
10415;91.0;91.0;89.0;88.0
10420;91.0;91.0;89.0;88.0
10425;91.0;91.0;89.0;88.0
10430;91.0;91.0;89.0;88.0
10435;91.0;91.0;89.0;88.0
10440;91.0;91.0;89.0;89.0
10445;91.0;91.0;89.0;89.0
10450;91.0;91.0;89.0;89.0
10455;91.0;91.0;89.0;89.0
10460;91.0;91.0;89.0;89.0
10465;91.0;91.0;89.0;89.0
10470;91.0;91.0;89.0;89.0
10475;91.0;91.0;89.0;89.0
10480;91.0;91.0;89.0;89.0
10485;91.0;91.0;89.0;89.0
10490;91.0;92.0;89.0;89.0
10495;91.0;92.0;89.0;89.0
10500;91.0;92.0;89.0;89.0
10505;91.0;92.0;89.0;89.0
10510;91.0;92.0;89.0;89.0
10515;91.0;92.0;89.0;89.0
10520;91.0;92.0;89.0;89.0
10525;91.0;92.0;89.0;89.0
10530;91.0;92.0;89.0;89.0
10535;91.0;92.0;89.0;89.0
10540;91.0;92.0;89.0;89.0
10545;92.0;92.0;89.0;89.0
10550;92.0;92.0;89.0;89.0
10555;92.0;92.0;89.0;89.0
10560;92.0;92.0;89.0;89.0
10565;92.0;92.0;89.0;89.0
10570;92.0;92.0;89.0;89.0
10575;92.0;92.0;89.0;89.0
10580;92.0;92.0;89.0;89.0
10585;92.0;92.0;89.0;89.0
10590;92.0;92.0;89.0;89.0
10595;92.0;92.0;89.0;89.0
10600;92.0;92.0;89.0;89.0
10605;92.0;92.0;89.0;89.0
10610;92.0;92.0;89.0;89.0
10615;92.0;92.0;89.0;89.0
10620;92.0;92.0;89.0;89.0
10625;92.0;92.0;89.0;89.0
10630;92.0;92.0;89.0;89.0
10635;92.0;92.0;88.0;89.0
10640;92.0;92.0;89.0;89.0
10645;92.0;92.0;89.0;89.0
10650;92.0;92.0;89.0;89.0
10655;92.0;92.0;89.0;89.0
10660;92.0;92.0;89.0;89.0
10665;92.0;92.0;89.0;89.0
10670;92.0;92.0;89.0;89.0
10675;92.0;92.0;89.0;89.0
10680;92.0;92.0;89.0;89.0
10685;92.0;92.0;89.0;89.0
10690;92.0;92.0;89.0;89.0
10695;92.0;92.0;89.0;90.0
10700;92.0;92.0;89.0;90.0
10705;92.0;92.0;89.0;90.0
10710;92.0;92.0;89.0;90.0
10715;92.0;92.0;89.0;90.0
10720;92.0;92.0;89.0;90.0
10725;92.0;92.0;89.0;90.0
10730;92.0;92.0;89.0;90.0
10735;92.0;92.0;89.0;90.0
10740;92.0;92.0;89.0;90.0
10745;92.0;92.0;89.0;90.0
10750;92.0;92.0;89.0;90.0
10755;92.0;92.0;89.0;90.0
10760;92.0;92.0;89.0;90.0
10765;92.0;92.0;89.0;90.0
10770;92.0;92.0;89.0;90.0
10775;92.0;92.0;89.0;90.0
10780;92.0;92.0;89.0;90.0
10785;92.0;92.0;89.0;89.0
10790;92.0;92.0;89.0;89.0
10795;92.0;92.0;89.0;89.0
10800;92.0;92.0;89.0;89.0
10805;92.0;92.0;89.0;89.0
10810;92.0;92.0;89.0;90.0
10815;92.0;92.0;89.0;90.0
10820;92.0;92.0;89.0;90.0
10825;92.0;92.0;89.0;90.0
10830;92.0;92.0;89.0;90.0
10835;92.0;92.0;89.0;90.0
10840;92.0;92.0;89.0;90.0
10845;92.0;92.0;89.0;90.0
10850;92.0;92.0;89.0;90.0
10855;92.0;92.0;89.0;90.0
10860;92.0;92.0;89.0;90.0
10865;92.0;92.0;89.0;90.0
10870;92.0;92.0;89.0;90.0
10875;92.0;92.0;89.0;90.0
10880;92.0;92.0;89.0;90.0
10885;92.0;92.0;89.0;90.0
10890;92.0;92.0;89.0;90.0
10895;92.0;92.0;89.0;90.0
10900;92.0;92.0;89.0;90.0
10905;92.0;92.0;89.0;90.0
10910;92.0;92.0;89.0;90.0
10915;92.0;92.0;89.0;90.0
10920;92.0;92.0;89.0;90.0
10925;92.0;92.0;89.0;90.0
10930;92.0;92.0;89.0;90.0
10935;92.0;92.0;89.0;90.0
10940;92.0;92.0;89.0;90.0
10945;92.0;92.0;89.0;90.0
10950;92.0;92.0;89.0;90.0
10955;92.0;92.0;89.0;90.0
10960;92.0;92.0;89.0;90.0
10965;92.0;92.0;89.0;90.0
10970;92.0;92.0;89.0;90.0
10975;92.0;92.0;89.0;90.0
10980;92.0;92.0;89.0;90.0
10985;92.0;92.0;89.0;90.0
10990;92.0;92.0;89.0;90.0
10995;92.0;92.0;89.0;90.0
11000;92.0;92.0;89.0;90.0
11005;92.0;92.0;89.0;90.0
11010;92.0;92.0;89.0;90.0
11015;92.0;92.0;89.0;90.0
11020;92.0;92.0;89.0;90.0
11025;92.0;92.0;89.0;90.0
11030;92.0;92.0;89.0;90.0
11035;92.0;92.0;89.0;90.0
11040;92.0;92.0;89.0;90.0
11045;92.0;92.0;89.0;90.0
11050;92.0;92.0;89.0;90.0
11055;92.0;92.0;89.0;90.0
11060;92.0;92.0;89.0;90.0
11065;92.0;92.0;89.0;90.0
11070;92.0;92.0;89.0;90.0
11075;92.0;92.0;89.0;90.0
11080;92.0;92.0;89.0;90.0
11085;92.0;92.0;89.0;90.0
11090;92.0;92.0;89.0;90.0
11095;92.0;92.0;89.0;90.0
11100;92.0;92.0;89.0;90.0
11105;92.0;92.0;89.0;90.0
11110;92.0;92.0;89.0;90.0
11115;92.0;93.0;89.0;90.0
11120;92.0;93.0;89.0;90.0
11125;92.0;93.0;89.0;90.0
11130;92.0;93.0;89.0;90.0
11135;92.0;93.0;89.0;90.0
11140;92.0;93.0;89.0;90.0
11145;92.0;93.0;89.0;90.0
11150;92.0;93.0;89.0;90.0
11155;92.0;93.0;89.0;90.0
11160;92.0;93.0;89.0;90.0
11165;92.0;93.0;89.0;90.0
11170;92.0;93.0;88.0;90.0
11175;92.0;93.0;88.0;90.0
11180;92.0;93.0;88.0;90.0
11185;92.0;93.0;88.0;90.0
11190;92.0;93.0;88.0;90.0
11195;92.0;93.0;88.0;90.0
11200;92.0;93.0;88.0;90.0
11205;92.0;93.0;88.0;90.0
11210;92.0;93.0;88.0;91.0
11215;92.0;93.0;88.0;91.0
11220;92.0;93.0;88.0;91.0
11225;92.0;93.0;88.0;91.0
11230;92.0;93.0;88.0;91.0
11235;92.0;93.0;88.0;91.0
11240;92.0;93.0;88.0;91.0
11245;92.0;93.0;88.0;91.0
11250;92.0;93.0;88.0;91.0
11255;92.0;93.0;88.0;91.0
11260;92.0;93.0;88.0;91.0
11265;92.0;93.0;88.0;91.0
11270;92.0;93.0;88.0;91.0
11275;92.0;93.0;88.0;91.0
11280;92.0;93.0;88.0;91.0
11285;92.0;93.0;88.0;91.0
11290;92.0;93.0;88.0;91.0
11295;92.0;93.0;88.0;91.0
11300;92.0;93.0;88.0;91.0
11305;92.0;93.0;88.0;91.0
11310;92.0;93.0;88.0;91.0
11315;92.0;93.0;88.0;91.0
11320;92.0;93.0;88.0;91.0
11325;92.0;93.0;88.0;91.0
11330;92.0;93.0;88.0;91.0
11335;92.0;93.0;88.0;91.0
11340;92.0;93.0;88.0;91.0
11345;92.0;93.0;88.0;91.0
11350;92.0;93.0;88.0;91.0
11355;92.0;93.0;88.0;91.0
11360;92.0;93.0;88.0;91.0
11365;92.0;93.0;88.0;91.0
11370;93.0;93.0;88.0;91.0
11375;93.0;93.0;88.0;91.0
11380;93.0;93.0;88.0;90.0
11385;93.0;93.0;88.0;90.0
11390;93.0;93.0;88.0;90.0
11395;93.0;93.0;88.0;90.0
11400;93.0;93.0;88.0;90.0
11405;93.0;93.0;88.0;90.0
11410;93.0;93.0;88.0;91.0
11415;93.0;94.0;88.0;91.0
11420;93.0;94.0;88.0;91.0
11425;93.0;94.0;88.0;91.0
11430;93.0;94.0;88.0;91.0
11435;93.0;94.0;88.0;91.0
11440;93.0;94.0;88.0;91.0
11445;93.0;94.0;88.0;91.0
11450;93.0;94.0;88.0;91.0
11455;93.0;94.0;88.0;91.0
11460;93.0;94.0;88.0;91.0
11465;93.0;94.0;88.0;91.0
11470;93.0;94.0;88.0;91.0
11475;93.0;94.0;88.0;91.0
11480;93.0;94.0;88.0;91.0
11485;93.0;94.0;88.0;91.0
11490;93.0;94.0;88.0;91.0
11495;93.0;94.0;88.0;91.0
11500;93.0;93.0;88.0;91.0
11505;93.0;93.0;88.0;91.0
11510;93.0;93.0;88.0;90.0
11515;93.0;93.0;88.0;90.0
11520;93.0;93.0;88.0;91.0
11525;93.0;93.0;88.0;91.0
11530;93.0;93.0;88.0;91.0
11535;93.0;93.0;88.0;91.0
11540;93.0;93.0;88.0;91.0
11545;93.0;93.0;88.0;91.0
11550;93.0;93.0;89.0;91.0
11555;93.0;94.0;89.0;91.0
11560;93.0;94.0;89.0;91.0
11565;93.0;94.0;89.0;91.0
11570;93.0;94.0;89.0;91.0
11575;93.0;94.0;89.0;91.0
11580;93.0;94.0;89.0;91.0
11585;93.0;94.0;89.0;91.0
11590;93.0;94.0;88.0;91.0
11595;93.0;94.0;88.0;91.0
11600;92.0;94.0;88.0;91.0
11605;93.0;94.0;88.0;91.0
11610;93.0;94.0;88.0;91.0
11615;93.0;94.0;88.0;91.0
11620;93.0;94.0;88.0;91.0
11625;93.0;94.0;88.0;91.0
11630;93.0;94.0;88.0;91.0
11635;93.0;94.0;88.0;91.0
11640;93.0;94.0;88.0;91.0
11645;93.0;94.0;88.0;91.0
11650;93.0;94.0;88.0;91.0
11655;93.0;94.0;88.0;91.0
11660;93.0;94.0;88.0;91.0
11665;93.0;94.0;88.0;91.0
11670;93.0;94.0;88.0;91.0
11675;93.0;94.0;88.0;91.0
11680;93.0;94.0;88.0;91.0
11685;92.0;94.0;88.0;91.0
11690;92.0;94.0;88.0;91.0
11695;92.0;94.0;88.0;91.0
11700;92.0;93.0;88.0;91.0
11705;92.0;93.0;88.0;91.0
11710;92.0;93.0;88.0;91.0
11715;92.0;93.0;88.0;91.0
11720;92.0;93.0;88.0;91.0
11725;92.0;94.0;88.0;91.0
11730;92.0;94.0;88.0;91.0
11735;92.0;93.0;88.0;91.0
11740;92.0;93.0;88.0;91.0
11745;92.0;93.0;88.0;91.0
11750;92.0;93.0;88.0;91.0
11755;92.0;93.0;88.0;91.0
11760;92.0;93.0;88.0;91.0
11765;92.0;93.0;88.0;91.0
11770;92.0;93.0;88.0;91.0
11775;92.0;93.0;88.0;91.0
11780;92.0;93.0;88.0;91.0
11785;92.0;94.0;88.0;91.0
11790;92.0;94.0;88.0;91.0
11795;92.0;94.0;88.0;91.0
11800;92.0;94.0;88.0;91.0
11805;92.0;94.0;88.0;91.0
11810;92.0;94.0;88.0;91.0
11815;92.0;94.0;88.0;91.0
11820;92.0;94.0;88.0;91.0
11825;92.0;94.0;88.0;91.0
11830;92.0;94.0;88.0;91.0
11835;92.0;94.0;88.0;91.0
11840;92.0;94.0;88.0;91.0
11845;92.0;94.0;88.0;91.0
11850;92.0;94.0;88.0;91.0
11855;92.0;94.0;88.0;91.0
11860;92.0;94.0;88.0;91.0
11865;92.0;94.0;88.0;91.0
11870;92.0;94.0;88.0;91.0
11875;92.0;94.0;88.0;91.0
11880;92.0;94.0;88.0;91.0
11885;92.0;94.0;88.0;91.0
11890;92.0;94.0;88.0;91.0
11895;92.0;94.0;88.0;91.0
11900;92.0;94.0;88.0;91.0
11905;92.0;94.0;88.0;91.0
11910;92.0;94.0;88.0;92.0
11915;92.0;94.0;88.0;92.0
11920;92.0;94.0;88.0;92.0
11925;92.0;94.0;88.0;92.0
11930;92.0;94.0;88.0;92.0
11935;92.0;94.0;88.0;92.0
11940;92.0;94.0;88.0;92.0
11945;92.0;94.0;88.0;92.0
11950;92.0;94.0;88.0;92.0
11955;92.0;94.0;88.0;92.0
11960;92.0;94.0;88.0;92.0
11965;92.0;94.0;88.0;92.0
11970;93.0;94.0;88.0;92.0
11975;93.0;94.0;88.0;92.0
11980;93.0;94.0;88.0;92.0
11985;93.0;94.0;88.0;92.0
11990;93.0;94.0;88.0;92.0
11995;92.0;94.0;88.0;92.0
12000;92.0;94.0;88.0;92.0
12005;92.0;94.0;88.0;92.0
12010;92.0;94.0;88.0;92.0
12015;92.0;94.0;88.0;92.0
12020;92.0;94.0;88.0;92.0
12025;92.0;94.0;88.0;92.0
12030;92.0;94.0;88.0;92.0
12035;92.0;94.0;89.0;92.0
12040;92.0;94.0;89.0;92.0
12045;92.0;94.0;88.0;92.0
12050;92.0;94.0;88.0;92.0
12055;93.0;94.0;88.0;92.0
12060;93.0;94.0;88.0;92.0
12065;93.0;94.0;88.0;92.0
12070;93.0;94.0;88.0;92.0
12075;93.0;94.0;88.0;92.0
12080;93.0;94.0;88.0;92.0
12085;93.0;94.0;88.0;92.0
12090;93.0;94.0;88.0;92.0
12095;93.0;94.0;88.0;92.0
12100;93.0;94.0;88.0;92.0
12105;93.0;94.0;88.0;92.0
12110;93.0;94.0;88.0;92.0
12115;93.0;94.0;88.0;92.0
12120;92.0;94.0;88.0;92.0
12125;92.0;94.0;88.0;92.0
12130;92.0;94.0;88.0;92.0
12135;92.0;94.0;88.0;92.0
12140;92.0;94.0;88.0;92.0
12145;92.0;94.0;88.0;92.0
12150;92.0;94.0;89.0;92.0
12155;92.0;94.0;89.0;92.0
12160;92.0;94.0;89.0;92.0
12165;92.0;94.0;89.0;92.0
12170;92.0;94.0;89.0;92.0
12175;92.0;94.0;89.0;92.0
12180;92.0;94.0;89.0;92.0
12185;92.0;94.0;89.0;92.0
12190;92.0;94.0;89.0;92.0
12195;92.0;94.0;89.0;92.0
12200;92.0;94.0;89.0;92.0
12205;92.0;94.0;89.0;92.0
12210;92.0;94.0;89.0;92.0
12215;92.0;94.0;89.0;92.0
12220;92.0;94.0;89.0;92.0
12225;92.0;94.0;89.0;92.0
12230;92.0;94.0;89.0;92.0
12235;92.0;94.0;89.0;92.0
12240;92.0;94.0;89.0;92.0
12245;92.0;94.0;89.0;92.0
12250;92.0;94.0;89.0;92.0
12255;92.0;94.0;89.0;92.0
12260;92.0;94.0;89.0;92.0
12265;92.0;94.0;89.0;92.0
12270;92.0;94.0;89.0;92.0
12275;92.0;94.0;88.0;92.0
12280;92.0;94.0;88.0;92.0
12285;92.0;94.0;88.0;92.0
12290;92.0;94.0;88.0;92.0
12295;92.0;94.0;88.0;92.0
12300;92.0;94.0;88.0;92.0
12305;92.0;94.0;88.0;92.0
12310;92.0;94.0;88.0;92.0
12315;92.0;94.0;88.0;92.0
12320;92.0;94.0;88.0;92.0
12325;92.0;94.0;89.0;92.0
12330;92.0;94.0;89.0;92.0
12335;92.0;94.0;89.0;92.0
12340;92.0;94.0;89.0;92.0
12345;92.0;94.0;89.0;92.0
12350;92.0;94.0;89.0;92.0
12355;92.0;94.0;89.0;92.0
12360;92.0;94.0;89.0;92.0
12365;92.0;94.0;89.0;92.0
12370;92.0;94.0;89.0;92.0
12375;92.0;94.0;89.0;92.0
12380;92.0;94.0;89.0;92.0
12385;92.0;94.0;89.0;92.0
12390;92.0;94.0;89.0;92.0
12395;92.0;94.0;89.0;92.0
12400;92.0;94.0;89.0;92.0
12405;92.0;94.0;89.0;92.0
12410;92.0;94.0;89.0;92.0
12415;92.0;94.0;89.0;92.0
12420;92.0;94.0;89.0;92.0
12425;92.0;94.0;89.0;92.0
12430;92.0;94.0;89.0;92.0
12435;92.0;94.0;89.0;92.0
12440;92.0;94.0;89.0;92.0
12445;92.0;94.0;89.0;92.0
12450;92.0;94.0;89.0;92.0
12455;92.0;94.0;89.0;92.0
12460;92.0;94.0;89.0;92.0
12465;92.0;94.0;89.0;92.0
12470;92.0;94.0;89.0;92.0
12475;92.0;94.0;89.0;92.0
12480;92.0;94.0;89.0;92.0
12485;92.0;94.0;89.0;92.0
12490;92.0;94.0;89.0;92.0
12495;92.0;94.0;89.0;92.0
12500;92.0;94.0;89.0;92.0
12505;92.0;94.0;89.0;93.0
12510;92.0;94.0;89.0;93.0
12515;92.0;94.0;89.0;93.0
12520;92.0;94.0;89.0;93.0
12525;92.0;94.0;89.0;93.0
12530;92.0;94.0;89.0;92.0
12535;92.0;94.0;89.0;92.0
12540;92.0;94.0;89.0;92.0
12545;92.0;94.0;89.0;92.0
12550;92.0;94.0;89.0;92.0
12555;92.0;94.0;89.0;92.0
12560;92.0;94.0;90.0;92.0
12565;92.0;94.0;90.0;92.0
12570;92.0;94.0;90.0;93.0
12575;92.0;94.0;90.0;93.0
12580;92.0;94.0;90.0;93.0
12585;92.0;94.0;90.0;93.0
12590;92.0;94.0;90.0;93.0
12595;92.0;95.0;90.0;93.0
12600;92.0;95.0;90.0;93.0
12605;92.0;95.0;90.0;93.0
12610;92.0;95.0;90.0;93.0
12615;92.0;95.0;90.0;93.0
12620;92.0;95.0;90.0;93.0
12625;92.0;95.0;90.0;93.0
12630;92.0;95.0;90.0;93.0
12635;92.0;95.0;90.0;93.0
12640;92.0;95.0;90.0;93.0
12645;92.0;95.0;90.0;93.0
12650;92.0;95.0;90.0;93.0
12655;92.0;95.0;90.0;93.0
12660;92.0;95.0;90.0;93.0
12665;92.0;95.0;90.0;93.0
12670;92.0;95.0;90.0;93.0
12675;92.0;95.0;90.0;93.0
12680;92.0;95.0;90.0;93.0
12685;92.0;95.0;90.0;93.0
12690;92.0;95.0;90.0;93.0
12695;92.0;95.0;90.0;93.0
12700;92.0;95.0;90.0;93.0
12705;92.0;95.0;90.0;93.0
12710;92.0;95.0;90.0;93.0
12715;92.0;95.0;90.0;93.0
12720;92.0;95.0;90.0;93.0
12725;92.0;95.0;90.0;93.0
12730;92.0;95.0;90.0;93.0
12735;92.0;95.0;90.0;93.0
12740;92.0;95.0;90.0;93.0
12745;92.0;95.0;90.0;93.0
12750;92.0;95.0;90.0;93.0
12755;92.0;95.0;90.0;93.0
12760;92.0;95.0;89.0;93.0
12765;92.0;95.0;89.0;93.0
12770;92.0;95.0;89.0;93.0
12775;92.0;95.0;89.0;93.0
12780;92.0;95.0;89.0;93.0
12785;92.0;95.0;89.0;93.0
12790;92.0;95.0;89.0;93.0
12795;92.0;95.0;89.0;93.0
12800;93.0;95.0;89.0;93.0
12805;93.0;95.0;89.0;93.0
12810;93.0;95.0;89.0;93.0
12815;93.0;95.0;89.0;94.0
12820;93.0;95.0;89.0;94.0
12825;93.0;95.0;89.0;94.0
12830;93.0;95.0;89.0;94.0
12835;93.0;95.0;89.0;94.0
12840;93.0;95.0;89.0;94.0
12845;93.0;95.0;89.0;94.0
12850;93.0;95.0;89.0;94.0
12855;93.0;95.0;89.0;94.0
12860;93.0;95.0;89.0;94.0
12865;93.0;95.0;89.0;94.0
12870;93.0;95.0;89.0;94.0
12875;93.0;95.0;90.0;94.0
12880;93.0;95.0;90.0;94.0
12885;93.0;95.0;90.0;94.0
12890;93.0;95.0;90.0;94.0
12895;93.0;95.0;90.0;94.0
12900;93.0;95.0;90.0;94.0
12905;93.0;95.0;90.0;94.0
12910;93.0;95.0;90.0;94.0
12915;93.0;95.0;90.0;94.0
12920;93.0;95.0;90.0;94.0
12925;93.0;95.0;90.0;94.0
12930;93.0;95.0;90.0;94.0
12935;93.0;95.0;90.0;94.0
12940;93.0;95.0;90.0;94.0
12945;93.0;95.0;89.0;94.0
12950;93.0;95.0;89.0;94.0
12955;93.0;95.0;89.0;94.0
12960;93.0;95.0;89.0;94.0
12965;93.0;95.0;89.0;94.0
12970;93.0;95.0;89.0;94.0
12975;93.0;95.0;89.0;94.0
12980;93.0;95.0;89.0;94.0
12985;93.0;95.0;89.0;94.0
12990;93.0;95.0;89.0;94.0
12995;93.0;95.0;89.0;94.0
13000;93.0;95.0;89.0;94.0
13005;93.0;95.0;89.0;94.0
13010;92.0;95.0;89.0;94.0
13015;92.0;95.0;89.0;94.0
13020;92.0;95.0;89.0;94.0
13025;92.0;95.0;90.0;94.0
13030;92.0;95.0;90.0;94.0
13035;92.0;95.0;90.0;94.0
13040;92.0;95.0;90.0;94.0
13045;92.0;95.0;90.0;94.0
13050;92.0;96.0;90.0;94.0
13055;92.0;96.0;90.0;94.0
13060;92.0;96.0;90.0;94.0
13065;92.0;96.0;90.0;94.0
13070;92.0;96.0;90.0;94.0
13075;92.0;96.0;90.0;94.0
13080;92.0;96.0;90.0;94.0
13085;92.0;96.0;90.0;94.0
13090;92.0;96.0;90.0;94.0
13095;92.0;96.0;90.0;94.0
13100;92.0;96.0;90.0;94.0
13105;92.0;96.0;90.0;94.0
13110;92.0;95.0;90.0;94.0
13115;92.0;95.0;90.0;94.0
13120;92.0;95.0;90.0;94.0
13125;92.0;95.0;90.0;94.0
13130;92.0;95.0;90.0;95.0
13135;92.0;95.0;90.0;95.0
13140;92.0;95.0;90.0;95.0
13145;92.0;95.0;90.0;95.0
13150;92.0;95.0;90.0;95.0
13155;92.0;95.0;90.0;95.0
13160;92.0;95.0;90.0;95.0
13165;92.0;95.0;90.0;95.0
13170;92.0;95.0;90.0;95.0
13175;92.0;95.0;90.0;95.0
13180;92.0;95.0;90.0;95.0
13185;92.0;95.0;90.0;95.0
