<Config>
	<Parameter>
		<Name>PARAMETERS</Name>
		<Description><info><![CDATA[This is a configuration file editor designed to choose parameter values before launching Evolife simulations.<br><br>Its use is rather intuitive. You may click directly on values you want to change, or navigate with arrows and use the [F2] key to edit values.<br><br>Pay attention to explanations displayed in this panel.]]></info></Description>
	</Parameter>
	<Parameter>
		<Name>Scenario</Name>
		<Parameter>
			<Name>CurrentScenario</Name>
			<Parameter>
				<Name>ScenarioName</Name>
				<Value>Ants</Value>
			</Parameter>
			<Parameter>
				<Name>ScenarioFileName</Name>
				<Value>E:/recherch/Evolife/Other/Ants/Ants.evo</Value>
			</Parameter>
		</Parameter>
		<Parameter Scenario="Ants">
			<Name>Ants</Name>
			<Description><info><![CDATA[Simulmates a foraging ant colony]]></info></Description>
		</Parameter>
	</Parameter>
	<Parameter>
		<Name>Simulation</Name>
		<Parameter>
			<Name>DisplayPeriod</Name>
			<Description><info><![CDATA[Display period]]></info></Description>
			<Value>5</Value>
		</Parameter>
		<Parameter>
			<Name>TimeLimit</Name>
			<Description><info><![CDATA[Max number of simulation steps]]></info></Description>
			<Value>256</Value>
		</Parameter>
		<Parameter>
			<Name>ApplicationDir</Name>
			<Description><info><![CDATA[Directory where the simulation can be found]]></info></Description>
			<Value>.</Value>
		</Parameter>
		<Parameter>
			<Name>Target</Name>
			<Description><info><![CDATA[Programme to be executed]]></info></Description>
			<Value>Ants.py</Value>
		</Parameter>
		<Parameter>
			<Name>RunConfigFile</Name>
			<Description><info><![CDATA[Parameter values that will be read by the programme]]></info></Description>
			<Value>_Params.evo</Value>
		</Parameter>
		<Parameter>
			<Name>Title</Name>
			<Description><info><![CDATA[Name of the present Configuration Editor]]></info></Description>
			<Value>Evolife_Ants</Value>
		</Parameter>
		<Parameter>
			<Name>Icon</Name>
			<Description><info><![CDATA[local path to window icon]]></info></Description>
			<Value>ants-1.gif</Value>
		</Parameter>
	</Parameter>
	<Parameter>
		<Name>LandWindowSize</Name>
		<Description><info><![CDATA[physical size (pixels) on the screen]]></info></Description>
		<Value>700</Value>
	</Parameter>
	<Parameter>
		<Name>LandSize</Name>
		<Description><info><![CDATA[Logical size of the grid.<br><br>A smaller value will speed up the programme.]]></info></Description>
		<Value>175</Value>
	</Parameter>
	<Parameter>
		<Name>NbFoodSources</Name>
		<Description><info><![CDATA[number of food sources]]></info></Description>
		<Value>3</Value>
	</Parameter>
	<Parameter>
		<Name>NbAgents</Name>
		<Description><info><![CDATA[total number of ants]]></info></Description>
		<Value>30</Value>
	</Parameter>
	<Parameter>
		<Name>NPDeposit</Name>
		<Description><info><![CDATA[default quantity of negative pheromon laid down by ants]]></info></Description>
		<Value>20</Value>
	</Parameter>
	<Parameter>
		<Name>PPMax</Name>
		<Description><info><![CDATA[maximal amount of pheromone that can be laid down on the way back to the colony]]></info></Description>
		<Value>1000</Value>
	</Parameter>
	<Parameter>
		<Name>PPMin</Name>
		<Description><info><![CDATA[minimal amount of pheromone that is laid down on the way back to the colony]]></info></Description>
		<Value>10</Value>
	</Parameter>
	<Parameter>
		<Name>PPDepositDecrease</Name>
		<Description><info><![CDATA[absolute amount of pheromone decrease when returning home]]></info></Description>
		<Value>10</Value>
	</Parameter>
	<Parameter>
		<Name>Evaporation</Name>
		<Description><info><![CDATA[absolute amount of pheromone decrease per time unit]]></info></Description>
		<Value>1</Value>
	</Parameter>
	<Parameter>
		<Name>SniffingDistance</Name>
		<Description><info><![CDATA[distance from which pheromone is perceived]]></info></Description>
		<Value>4</Value>
	</Parameter>
	<Parameter>
		<Name>Saturation</Name>
		<Description><info><![CDATA[maximum amount of pheromon that a cell can carry]]></info></Description>
		<Value>1000</Value>
	</Parameter>
</Config>
